0.012379,0.000193,74.346923828125
0.012379,0.013725,134.927642822266
0.012379,0.076309,90.1027069091797
0.012379,0.126815,81.6918792724609
0.012379,0.145599,130.585266113281
0.012379,0.167456,122.507209777832
0.012379,0.185265,99.2869186401367
0.012379,0.18712,99.2869186401367
0.012379,0.20015,107.654220581055
0.012379,0.235189,125.123634338379
0.012379,0.255809,105.256088256836
0.012379,0.316591,116.918914794922
0.012379,0.317533,116.918914794922
0.012379,0.332724,107.248458862305
0.012379,0.337257,103.451034545898
0.012379,0.353643,71.1662750244141
0.012379,0.387567,76.9469375610352
0.012379,0.412097,66.5045166015625
0.012379,0.417844,61.6569061279297
0.012379,0.423086,61.6569061279297
0.012379,0.437049,77.7718048095703
0.012379,0.439798,77.7718048095703
0.012379,0.451394,88.6640090942383
0.012379,0.461776,97.688232421875
0.012379,0.466948,101.292083740234
0.012379,0.468436,101.292083740234
0.012379,0.474607,101.292083740234
0.012379,0.484214,72.0763320922852
0.012379,0.520499,89.3994750976562
0.012379,0.543952,81.7457962036133
0.012379,0.553698,99.0022277832031
0.012379,0.630351,66.4176635742188
0.012379,0.665585,72.4224548339844
0.012379,0.67605,78.3212585449219
0.012379,0.689104,61.2551918029785
0.012379,0.700618,69.0356903076172
0.012379,0.711771,43.8282127380371
0.012379,0.717142,49.4405708312988
0.012379,0.720265,49.4405708312988
0.012379,0.749388,49.1823387145996
0.012379,0.803635,47.988452911377
0.012379,0.805665,39.2727928161621
0.012379,0.814556,39.2727928161621
0.012379,0.826586,47.2737617492676
0.012379,0.84424,26.0888519287109
0.012379,0.894662,24.5900840759277
0.012379,0.923621,17.2503108978271
0.012379,0.941828,13.851845741272
0.012379,0.950682,10.3261556625366
0.012379,0.969391,6.57214403152466
0.027856,0.000193,109.386032104492
0.027856,0.013725,105.28443145752
0.027856,0.076309,103.894599914551
0.027856,0.126815,115.750160217285
0.027856,0.145599,152.890090942383
0.027856,0.167456,155.854019165039
0.027856,0.185265,130.214553833008
0.027856,0.18712,130.214553833008
0.027856,0.20015,108.320663452148
0.027856,0.235189,96.5375518798828
0.027856,0.255809,122.605140686035
0.027856,0.316591,85.4467315673828
0.027856,0.317533,85.4467315673828
0.027856,0.332724,86.7314910888672
0.027856,0.337257,90.5043487548828
0.027856,0.353643,90.6572265625
0.027856,0.387567,81.2340393066406
0.027856,0.412097,100.183441162109
0.027856,0.417844,120.923889160156
0.027856,0.423086,120.923889160156
0.027856,0.437049,96.7778015136719
0.027856,0.439798,96.7778015136719
0.027856,0.451394,105.082939147949
0.027856,0.461776,63.5361480712891
0.027856,0.466948,79.0866012573242
0.027856,0.468436,79.0866012573242
0.027856,0.474607,79.0866012573242
0.027856,0.484214,85.5476760864258
0.027856,0.520499,81.3052597045898
0.027856,0.543952,83.1157836914062
0.027856,0.553698,88.4785079956055
0.027856,0.630351,110.212272644043
0.027856,0.665585,58.0307312011719
0.027856,0.67605,69.3288726806641
0.027856,0.689104,60.6018295288086
0.027856,0.700618,55.5304946899414
0.027856,0.711771,84.8816757202148
0.027856,0.717142,80.565055847168
0.027856,0.720265,80.565055847168
0.027856,0.749388,47.0190467834473
0.027856,0.803635,38.4474411010742
0.027856,0.805665,55.3271217346191
0.027856,0.814556,55.3271217346191
0.027856,0.826586,46.9433670043945
0.027856,0.84424,38.3795967102051
0.027856,0.894662,34.3298225402832
0.027856,0.923621,21.6846542358398
0.027856,0.941828,12.1016416549683
0.027856,0.950682,14.9016761779785
0.027856,0.969391,8.22237777709961
0.041304,0.000193,161.09992980957
0.041304,0.013725,167.266632080078
0.041304,0.076309,114.520881652832
0.041304,0.126815,149.291488647461
0.041304,0.145599,106.115768432617
0.041304,0.167456,139.5322265625
0.041304,0.185265,136.992782592773
0.041304,0.18712,136.992782592773
0.041304,0.20015,170.913543701172
0.041304,0.235189,108.236053466797
0.041304,0.255809,116.972244262695
0.041304,0.316591,106.395050048828
0.041304,0.317533,106.395050048828
0.041304,0.332724,101.151702880859
0.041304,0.337257,103.220474243164
0.041304,0.353643,107.919273376465
0.041304,0.387567,141.062713623047
0.041304,0.412097,118.707817077637
0.041304,0.417844,89.4264526367188
0.041304,0.423086,89.4264526367188
0.041304,0.437049,133.419921875
0.041304,0.439798,133.419921875
0.041304,0.451394,102.234184265137
0.041304,0.461776,76.6776885986328
0.041304,0.466948,92.7659072875977
0.041304,0.468436,92.7659072875977
0.041304,0.474607,92.7659072875977
0.041304,0.484214,108.206512451172
0.041304,0.520499,84.1135635375977
0.041304,0.543952,108.909469604492
0.041304,0.553698,104.494346618652
0.041304,0.630351,69.982292175293
0.041304,0.665585,80.5204238891602
0.041304,0.67605,90.7800064086914
0.041304,0.689104,83.0708770751953
0.041304,0.700618,74.5322036743164
0.041304,0.711771,71.3707885742188
0.041304,0.717142,55.4478149414062
0.041304,0.720265,55.4478149414062
0.041304,0.749388,65.8335189819336
0.041304,0.803635,38.5342826843262
0.041304,0.805665,65.2498779296875
0.041304,0.814556,65.2498779296875
0.041304,0.826586,49.3098487854004
0.041304,0.84424,47.2896003723145
0.041304,0.894662,34.0294075012207
0.041304,0.923621,26.9496955871582
0.041304,0.941828,17.3407859802246
0.041304,0.950682,14.9649620056152
0.041304,0.969391,8.97745609283447
0.07245,0.000193,154.294021606445
0.07245,0.013725,149.384384155273
0.07245,0.076309,176.61360168457
0.07245,0.126815,150.945739746094
0.07245,0.145599,127.176132202148
0.07245,0.167456,161.566696166992
0.07245,0.185265,136.971405029297
0.07245,0.18712,136.971405029297
0.07245,0.20015,142.793106079102
0.07245,0.235189,129.96369934082
0.07245,0.255809,126.611213684082
0.07245,0.316591,131.649658203125
0.07245,0.317533,131.649658203125
0.07245,0.332724,149.348846435547
0.07245,0.337257,133.470108032227
0.07245,0.353643,133.006408691406
0.07245,0.387567,124.439414978027
0.07245,0.412097,133.918334960938
0.07245,0.417844,149.595748901367
0.07245,0.423086,149.595748901367
0.07245,0.437049,152.357192993164
0.07245,0.439798,152.357192993164
0.07245,0.451394,140.566345214844
0.07245,0.461776,144.245910644531
0.07245,0.466948,122.900550842285
0.07245,0.468436,122.900550842285
0.07245,0.474607,122.900550842285
0.07245,0.484214,116.827850341797
0.07245,0.520499,120.769104003906
0.07245,0.543952,115.637855529785
0.07245,0.553698,114.374046325684
0.07245,0.630351,99.1717071533203
0.07245,0.665585,89.7208786010742
0.07245,0.67605,116.079597473145
0.07245,0.689104,95.8000946044922
0.07245,0.700618,114.20825958252
0.07245,0.711771,78.8555297851562
0.07245,0.717142,69.0547332763672
0.07245,0.720265,69.0547332763672
0.07245,0.749388,78.1125793457031
0.07245,0.803635,76.2061920166016
0.07245,0.805665,79.9608306884766
0.07245,0.814556,79.9608306884766
0.07245,0.826586,78.3563690185547
0.07245,0.84424,65.2054061889648
0.07245,0.894662,46.281867980957
0.07245,0.923621,47.3322525024414
0.07245,0.941828,35.710693359375
0.07245,0.950682,27.7655735015869
0.07245,0.969391,19.4063491821289
0.112548,0.000193,179.311737060547
0.112548,0.013725,167.576614379883
0.112548,0.076309,202.413314819336
0.112548,0.126815,198.462921142578
0.112548,0.145599,216.716857910156
0.112548,0.167456,133.174133300781
0.112548,0.185265,164.046081542969
0.112548,0.18712,164.046081542969
0.112548,0.20015,159.888519287109
0.112548,0.235189,169.665069580078
0.112548,0.255809,167.83349609375
0.112548,0.316591,178.117370605469
0.112548,0.317533,178.117370605469
0.112548,0.332724,126.614852905273
0.112548,0.337257,159.633010864258
0.112548,0.353643,173.541076660156
0.112548,0.387567,173.956008911133
0.112548,0.412097,145.308441162109
0.112548,0.417844,147.803695678711
0.112548,0.423086,147.803695678711
0.112548,0.437049,194.386871337891
0.112548,0.439798,194.386871337891
0.112548,0.451394,155.255722045898
0.112548,0.461776,163.452819824219
0.112548,0.466948,188.793014526367
0.112548,0.468436,188.793014526367
0.112548,0.474607,188.793014526367
0.112548,0.484214,136.192520141602
0.112548,0.520499,148.414398193359
0.112548,0.543952,144.385162353516
0.112548,0.553698,176.098037719727
0.112548,0.630351,154.509414672852
0.112548,0.665585,136.138320922852
0.112548,0.67605,108.97395324707
0.112548,0.689104,151.33464050293
0.112548,0.700618,114.555519104004
0.112548,0.711771,113.845573425293
0.112548,0.717142,116.251747131348
0.112548,0.720265,116.251747131348
0.112548,0.749388,74.2194061279297
0.112548,0.803635,91.0094909667969
0.112548,0.805665,75.3504943847656
0.112548,0.814556,75.3504943847656
0.112548,0.826586,81.9085311889648
0.112548,0.84424,67.8448638916016
0.112548,0.894662,49.3658752441406
0.112548,0.923621,44.4716873168945
0.112548,0.941828,47.7348327636719
0.112548,0.950682,48.8743858337402
0.112548,0.969391,28.4357051849365
0.139637,0.000193,173.021820068359
0.139637,0.013725,254.113265991211
0.139637,0.076309,201.239974975586
0.139637,0.126815,210.934936523438
0.139637,0.145599,197.475326538086
0.139637,0.167456,195.459869384766
0.139637,0.185265,205.81103515625
0.139637,0.18712,205.81103515625
0.139637,0.20015,218.737579345703
0.139637,0.235189,175.059509277344
0.139637,0.255809,166.784729003906
0.139637,0.316591,196.012145996094
0.139637,0.317533,196.012145996094
0.139637,0.332724,155.902954101562
0.139637,0.337257,201.630599975586
0.139637,0.353643,224.639190673828
0.139637,0.387567,157.872573852539
0.139637,0.412097,206.401504516602
0.139637,0.417844,222.546920776367
0.139637,0.423086,222.546920776367
0.139637,0.437049,145.826202392578
0.139637,0.439798,145.826202392578
0.139637,0.451394,182.302322387695
0.139637,0.461776,173.829132080078
0.139637,0.466948,150.046722412109
0.139637,0.468436,150.046722412109
0.139637,0.474607,150.046722412109
0.139637,0.484214,154.968109130859
0.139637,0.520499,141.593124389648
0.139637,0.543952,168.214263916016
0.139637,0.553698,176.889389038086
0.139637,0.630351,156.801254272461
0.139637,0.665585,137.246231079102
0.139637,0.67605,149.762680053711
0.139637,0.689104,150.53776550293
0.139637,0.700618,161.468841552734
0.139637,0.711771,118.282661437988
0.139637,0.717142,123.946151733398
0.139637,0.720265,123.946151733398
0.139637,0.749388,112.463111877441
0.139637,0.803635,128.993087768555
0.139637,0.805665,89.2444152832031
0.139637,0.814556,89.2444152832031
0.139637,0.826586,141.663864135742
0.139637,0.84424,124.366760253906
0.139637,0.894662,85.482063293457
0.139637,0.923621,54.3209915161133
0.139637,0.941828,45.4615783691406
0.139637,0.950682,46.6806144714355
0.139637,0.969391,35.889289855957
0.154866,0.000193,190.080276489258
0.154866,0.013725,282.466674804688
0.154866,0.076309,211.452285766602
0.154866,0.126815,218.762115478516
0.154866,0.145599,207.81526184082
0.154866,0.167456,199.173751831055
0.154866,0.185265,197.217575073242
0.154866,0.18712,197.217575073242
0.154866,0.20015,207.215667724609
0.154866,0.235189,236.016174316406
0.154866,0.255809,191.203384399414
0.154866,0.316591,180.517929077148
0.154866,0.317533,180.517929077148
0.154866,0.332724,186.279266357422
0.154866,0.337257,201.948593139648
0.154866,0.353643,204.850692749023
0.154866,0.387567,173.379898071289
0.154866,0.412097,194.426223754883
0.154866,0.417844,165.622268676758
0.154866,0.423086,165.622268676758
0.154866,0.437049,159.680709838867
0.154866,0.439798,159.680709838867
0.154866,0.451394,191.124603271484
0.154866,0.461776,181.213165283203
0.154866,0.466948,154.609222412109
0.154866,0.468436,154.609222412109
0.154866,0.474607,154.609222412109
0.154866,0.484214,161.786315917969
0.154866,0.520499,198.72526550293
0.154866,0.543952,138.992706298828
0.154866,0.553698,159.639038085938
0.154866,0.630351,189.110336303711
0.154866,0.665585,150.708251953125
0.154866,0.67605,153.103271484375
0.154866,0.689104,155.708908081055
0.154866,0.700618,135.309997558594
0.154866,0.711771,130.83430480957
0.154866,0.717142,158.704147338867
0.154866,0.720265,158.704147338867
0.154866,0.749388,146.791641235352
0.154866,0.803635,121.164749145508
0.154866,0.805665,88.3610305786133
0.154866,0.814556,88.3610305786133
0.154866,0.826586,122.012992858887
0.154866,0.84424,110.910430908203
0.154866,0.894662,89.3959655761719
0.154866,0.923621,73.724250793457
0.154866,0.941828,49.3658866882324
0.154866,0.950682,64.5844192504883
0.154866,0.969391,39.4161376953125
0.160566,0.000193,233.044708251953
0.160566,0.013725,259.769592285156
0.160566,0.076309,256.545654296875
0.160566,0.126815,221.882263183594
0.160566,0.145599,201.673156738281
0.160566,0.167456,208.528274536133
0.160566,0.185265,194.080108642578
0.160566,0.18712,194.080108642578
0.160566,0.20015,214.183975219727
0.160566,0.235189,258.3671875
0.160566,0.255809,220.334747314453
0.160566,0.316591,194.713729858398
0.160566,0.317533,194.713729858398
0.160566,0.332724,213.844161987305
0.160566,0.337257,184.507583618164
0.160566,0.353643,177.119522094727
0.160566,0.387567,226.074981689453
0.160566,0.412097,212.555892944336
0.160566,0.417844,193.020721435547
0.160566,0.423086,193.020721435547
0.160566,0.437049,207.836227416992
0.160566,0.439798,207.836227416992
0.160566,0.451394,177.232528686523
0.160566,0.461776,173.966674804688
0.160566,0.466948,184.12873840332
0.160566,0.468436,184.12873840332
0.160566,0.474607,184.12873840332
0.160566,0.484214,197.004638671875
0.160566,0.520499,195.825714111328
0.160566,0.543952,179.10823059082
0.160566,0.553698,164.021697998047
0.160566,0.630351,190.798980712891
0.160566,0.665585,157.800003051758
0.160566,0.67605,128.300674438477
0.160566,0.689104,135.438858032227
0.160566,0.700618,151.909484863281
0.160566,0.711771,112.103172302246
0.160566,0.717142,121.480293273926
0.160566,0.720265,121.480293273926
0.160566,0.749388,143.073364257812
0.160566,0.803635,114.183311462402
0.160566,0.805665,90.8332824707031
0.160566,0.814556,90.8332824707031
0.160566,0.826586,107.286209106445
0.160566,0.84424,96.2733764648438
0.160566,0.894662,60.3263549804688
0.160566,0.923621,97.8727340698242
0.160566,0.941828,49.7130661010742
0.160566,0.950682,71.198844909668
0.160566,0.969391,42.2092018127441
0.178569,0.000193,254.749771118164
0.178569,0.013725,246.621932983398
0.178569,0.076309,230.044479370117
0.178569,0.126815,203.027236938477
0.178569,0.145599,267.736633300781
0.178569,0.167456,232.113998413086
0.178569,0.185265,236.053283691406
0.178569,0.18712,236.053283691406
0.178569,0.20015,255.942077636719
0.178569,0.235189,264.776214599609
0.178569,0.255809,223.108993530273
0.178569,0.316591,236.501358032227
0.178569,0.317533,236.501358032227
0.178569,0.332724,224.129989624023
0.178569,0.337257,210.9033203125
0.178569,0.353643,237.632690429688
0.178569,0.387567,246.763061523438
0.178569,0.412097,207.40202331543
0.178569,0.417844,216.156097412109
0.178569,0.423086,216.156097412109
0.178569,0.437049,191.076080322266
0.178569,0.439798,191.076080322266
0.178569,0.451394,200.459930419922
0.178569,0.461776,203.483978271484
0.178569,0.466948,214.571853637695
0.178569,0.468436,214.571853637695
0.178569,0.474607,214.571853637695
0.178569,0.484214,258.802368164062
0.178569,0.520499,140.438598632812
0.178569,0.543952,154.642944335938
0.178569,0.553698,160.656311035156
0.178569,0.630351,140.571823120117
0.178569,0.665585,141.852905273438
0.178569,0.67605,163.158325195312
0.178569,0.689104,151.926559448242
0.178569,0.700618,171.953857421875
0.178569,0.711771,169.441101074219
0.178569,0.717142,175.593765258789
0.178569,0.720265,175.593765258789
0.178569,0.749388,112.587066650391
0.178569,0.803635,94.0497360229492
0.178569,0.805665,113.672996520996
0.178569,0.814556,113.672996520996
0.178569,0.826586,116.233085632324
0.178569,0.84424,100.541114807129
0.178569,0.894662,84.9354248046875
0.178569,0.923621,95.9583129882812
0.178569,0.941828,77.6243896484375
0.178569,0.950682,49.8946838378906
0.178569,0.969391,44.3388671875
0.201261,0.000193,280.715148925781
0.201261,0.013725,274.143463134766
0.201261,0.076309,265.504272460938
0.201261,0.126815,265.456115722656
0.201261,0.145599,233.089126586914
0.201261,0.167456,255.359771728516
0.201261,0.185265,218.769973754883
0.201261,0.18712,218.769973754883
0.201261,0.20015,245.855361938477
0.201261,0.235189,229.646499633789
0.201261,0.255809,223.032943725586
0.201261,0.316591,217.10090637207
0.201261,0.317533,217.10090637207
0.201261,0.332724,225.036026000977
0.201261,0.337257,263.682006835938
0.201261,0.353643,191.969848632812
0.201261,0.387567,237.687408447266
0.201261,0.412097,213.182235717773
0.201261,0.417844,164.914535522461
0.201261,0.423086,164.914535522461
0.201261,0.437049,202.213821411133
0.201261,0.439798,202.213821411133
0.201261,0.451394,187.938873291016
0.201261,0.461776,182.130111694336
0.201261,0.466948,199.919525146484
0.201261,0.468436,199.919525146484
0.201261,0.474607,199.919525146484
0.201261,0.484214,194.538040161133
0.201261,0.520499,201.749114990234
0.201261,0.543952,184.028228759766
0.201261,0.553698,205.315139770508
0.201261,0.630351,159.123489379883
0.201261,0.665585,183.482223510742
0.201261,0.67605,157.733917236328
0.201261,0.689104,145.810852050781
0.201261,0.700618,179.151641845703
0.201261,0.711771,183.827209472656
0.201261,0.717142,136.502349853516
0.201261,0.720265,136.502349853516
0.201261,0.749388,148.921417236328
0.201261,0.803635,138.477890014648
0.201261,0.805665,146.672271728516
0.201261,0.814556,146.672271728516
0.201261,0.826586,100.112426757812
0.201261,0.84424,114.61417388916
0.201261,0.894662,102.61279296875
0.201261,0.923621,79.5287246704102
0.201261,0.941828,76.2050247192383
0.201261,0.950682,53.910327911377
0.201261,0.969391,41.4605598449707
0.209278,0.000193,263.66162109375
0.209278,0.013725,263.372100830078
0.209278,0.076309,241.98567199707
0.209278,0.126815,290.208282470703
0.209278,0.145599,231.963973999023
0.209278,0.167456,264.140106201172
0.209278,0.185265,232.321090698242
0.209278,0.18712,232.321090698242
0.209278,0.20015,220.767166137695
0.209278,0.235189,267.409545898438
0.209278,0.255809,274.594085693359
0.209278,0.316591,242.182403564453
0.209278,0.317533,242.182403564453
0.209278,0.332724,232.676315307617
0.209278,0.337257,247.692626953125
0.209278,0.353643,237.035018920898
0.209278,0.387567,244.853698730469
0.209278,0.412097,279.034240722656
0.209278,0.417844,175.901763916016
0.209278,0.423086,175.901763916016
0.209278,0.437049,251.466949462891
0.209278,0.439798,251.466949462891
0.209278,0.451394,205.880554199219
0.209278,0.461776,222.011444091797
0.209278,0.466948,232.365783691406
0.209278,0.468436,232.365783691406
0.209278,0.474607,232.365783691406
0.209278,0.484214,209.660415649414
0.209278,0.520499,192.960845947266
0.209278,0.543952,199.572418212891
0.209278,0.553698,191.407211303711
0.209278,0.630351,153.013900756836
0.209278,0.665585,177.885177612305
0.209278,0.67605,208.142868041992
0.209278,0.689104,172.359634399414
0.209278,0.700618,196.899398803711
0.209278,0.711771,141.148361206055
0.209278,0.717142,139.000457763672
0.209278,0.720265,142.722854614258
0.209278,0.749388,144.461502075195
0.209278,0.803635,144.043167114258
0.209278,0.805665,137.75471496582
0.209278,0.814556,137.75471496582
0.209278,0.826586,145.612533569336
0.209278,0.84424,131.457702636719
0.209278,0.894662,109.945816040039
0.209278,0.923621,72.093017578125
0.209278,0.941828,83.7094345092773
0.209278,0.950682,68.3081588745117
0.209278,0.969391,46.4334335327148
0.263098,0.000193,242.054580688477
0.263098,0.013725,305.241668701172
0.263098,0.076309,264.941864013672
0.263098,0.126815,310.996917724609
0.263098,0.145599,251.621597290039
0.263098,0.167456,260.73974609375
0.263098,0.185265,210.26448059082
0.263098,0.18712,210.26448059082
0.263098,0.20015,239.36067199707
0.263098,0.235189,254.531860351562
0.263098,0.255809,267.315185546875
0.263098,0.316591,214.667449951172
0.263098,0.317533,214.667449951172
0.263098,0.332724,278.314605712891
0.263098,0.337257,275.859985351562
0.263098,0.353643,282.721832275391
0.263098,0.387567,238.557815551758
0.263098,0.412097,239.894104003906
0.263098,0.417844,240.095718383789
0.263098,0.423086,229.060897827148
0.263098,0.437049,212.235061645508
0.263098,0.439798,212.235061645508
0.263098,0.451394,226.866744995117
0.263098,0.461776,272.931121826172
0.263098,0.466948,258.224060058594
0.263098,0.468436,258.224060058594
0.263098,0.474607,258.224060058594
0.263098,0.484214,280.858428955078
0.263098,0.520499,225.840850830078
0.263098,0.543952,193.309646606445
0.263098,0.553698,244.705963134766
0.263098,0.630351,216.708587646484
0.263098,0.665585,239.153274536133
0.263098,0.67605,187.627792358398
0.263098,0.689104,195.243072509766
0.263098,0.700618,197.847412109375
0.263098,0.711771,182.604843139648
0.263098,0.717142,174.409851074219
0.263098,0.720265,174.409851074219
0.263098,0.749388,160.500610351562
0.263098,0.803635,172.907043457031
0.263098,0.805665,160.454971313477
0.263098,0.814556,160.454971313477
0.263098,0.826586,154.171752929688
0.263098,0.84424,156.046157836914
0.263098,0.894662,137.066146850586
0.263098,0.923621,106.354415893555
0.263098,0.941828,99.2933578491211
0.263098,0.950682,76.6222305297852
0.263098,0.969391,61.8429794311523
0.268836,0.000193,268.450897216797
0.268836,0.013725,345.918182373047
0.268836,0.076309,302.883331298828
0.268836,0.126815,298.042907714844
0.268836,0.145599,233.670196533203
0.268836,0.167456,297.230377197266
0.268836,0.185265,273.143218994141
0.268836,0.18712,273.143218994141
0.268836,0.20015,229.572601318359
0.268836,0.235189,273.626708984375
0.268836,0.255809,277.165588378906
0.268836,0.316591,277.864166259766
0.268836,0.317533,277.864166259766
0.268836,0.332724,258.994781494141
0.268836,0.337257,284.987670898438
0.268836,0.353643,275.793304443359
0.268836,0.387567,255.683563232422
0.268836,0.412097,265.479064941406
0.268836,0.417844,280.216705322266
0.268836,0.423086,280.216705322266
0.268836,0.437049,263.808746337891
0.268836,0.439798,263.808746337891
0.268836,0.451394,242.356491088867
0.268836,0.461776,252.077697753906
0.268836,0.466948,227.530868530273
0.268836,0.468436,227.530868530273
0.268836,0.474607,227.530868530273
0.268836,0.484214,249.097961425781
0.268836,0.520499,193.178329467773
0.268836,0.543952,260.306701660156
0.268836,0.553698,247.626022338867
0.268836,0.630351,150.455718994141
0.268836,0.665585,232.202331542969
0.268836,0.67605,223.908218383789
0.268836,0.689104,187.65803527832
0.268836,0.700618,206.229232788086
0.268836,0.711771,184.564987182617
0.268836,0.717142,162.918411254883
0.268836,0.720265,162.918411254883
0.268836,0.749388,182.291458129883
0.268836,0.803635,156.304779052734
0.268836,0.805665,121.227828979492
0.268836,0.814556,121.227828979492
0.268836,0.826586,187.453033447266
0.268836,0.84424,151.8232421875
0.268836,0.894662,136.203842163086
0.268836,0.923621,135.806549072266
0.268836,0.941828,82.2350006103516
0.268836,0.950682,80.1708831787109
0.268836,0.969391,66.3649978637695
0.271939,0.000193,268.450897216797
0.271939,0.013725,345.918182373047
0.271939,0.076309,302.883331298828
0.271939,0.126815,298.042907714844
0.271939,0.145599,233.670196533203
0.271939,0.167456,297.230377197266
0.271939,0.185265,273.143218994141
0.271939,0.18712,273.143218994141
0.271939,0.20015,229.572601318359
0.271939,0.235189,273.626708984375
0.271939,0.255809,277.165588378906
0.271939,0.316591,277.864166259766
0.271939,0.317533,277.864166259766
0.271939,0.332724,258.994781494141
0.271939,0.337257,284.987670898438
0.271939,0.353643,275.793304443359
0.271939,0.387567,255.683563232422
0.271939,0.412097,263.491394042969
0.271939,0.417844,280.216705322266
0.271939,0.423086,280.216705322266
0.271939,0.437049,263.808746337891
0.271939,0.439798,263.808746337891
0.271939,0.451394,242.356491088867
0.271939,0.461776,247.910125732422
0.271939,0.466948,227.530868530273
0.271939,0.468436,227.530868530273
0.271939,0.474607,227.530868530273
0.271939,0.484214,249.097961425781
0.271939,0.520499,193.178329467773
0.271939,0.543952,260.306701660156
0.271939,0.553698,247.626022338867
0.271939,0.630351,150.455718994141
0.271939,0.665585,232.202331542969
0.271939,0.67605,223.908218383789
0.271939,0.689104,187.65803527832
0.271939,0.700618,206.229232788086
0.271939,0.711771,184.564987182617
0.271939,0.717142,162.918411254883
0.271939,0.720265,162.918411254883
0.271939,0.749388,182.291458129883
0.271939,0.803635,156.304779052734
0.271939,0.805665,121.227828979492
0.271939,0.814556,121.227828979492
0.271939,0.826586,187.15461730957
0.271939,0.84424,151.8232421875
0.271939,0.894662,136.203842163086
0.271939,0.923621,135.806549072266
0.271939,0.941828,82.2350006103516
0.271939,0.950682,80.1708831787109
0.271939,0.969391,66.3649978637695
0.281403,0.000193,270.478973388672
0.281403,0.013725,269.28955078125
0.281403,0.076309,289.394073486328
0.281403,0.126815,260.601348876953
0.281403,0.145599,244.596572875977
0.281403,0.167456,258.284759521484
0.281403,0.185265,237.512512207031
0.281403,0.18712,237.512512207031
0.281403,0.20015,237.616989135742
0.281403,0.235189,226.380813598633
0.281403,0.255809,255.939315795898
0.281403,0.316591,244.340591430664
0.281403,0.317533,244.340591430664
0.281403,0.332724,252.54573059082
0.281403,0.337257,285.360168457031
0.281403,0.353643,233.60871887207
0.281403,0.387567,217.865783691406
0.281403,0.412097,230.920593261719
0.281403,0.417844,245.135482788086
0.281403,0.423086,245.135482788086
0.281403,0.437049,214.952407836914
0.281403,0.439798,214.952407836914
0.281403,0.451394,220.875717163086
0.281403,0.461776,237.352844238281
0.281403,0.466948,226.215545654297
0.281403,0.468436,226.215545654297
0.281403,0.474607,226.215545654297
0.281403,0.484214,252.415588378906
0.281403,0.520499,185.79606628418
0.281403,0.543952,250.831161499023
0.281403,0.553698,168.85285949707
0.281403,0.630351,211.930770874023
0.281403,0.665585,190.275024414062
0.281403,0.67605,176.925262451172
0.281403,0.689104,187.273345947266
0.281403,0.700618,189.590866088867
0.281403,0.711771,173.821395874023
0.281403,0.717142,227.615768432617
0.281403,0.720265,227.615768432617
0.281403,0.749388,195.209686279297
0.281403,0.803635,159.092834472656
0.281403,0.805665,164.377685546875
0.281403,0.814556,164.377685546875
0.281403,0.826586,160.711013793945
0.281403,0.84424,177.905288696289
0.281403,0.894662,120.443939208984
0.281403,0.923621,142.206283569336
0.281403,0.941828,90.6400909423828
0.281403,0.950682,98.1743545532227
0.281403,0.969391,67.1253128051758
0.294365,0.000193,265.437957763672
0.294365,0.013725,295.277893066406
0.294365,0.076309,270.719635009766
0.294365,0.126815,286.373596191406
0.294365,0.145599,272.831695556641
0.294365,0.167456,272.022308349609
0.294365,0.185265,242.298065185547
0.294365,0.18712,242.298065185547
0.294365,0.20015,294.764190673828
0.294365,0.235189,272.380615234375
0.294365,0.255809,227.19514465332
0.294365,0.316591,250.102874755859
0.294365,0.317533,250.102874755859
0.294365,0.332724,236.713623046875
0.294365,0.337257,289.679107666016
0.294365,0.353643,238.862823486328
0.294365,0.387567,239.688140869141
0.294365,0.412097,227.702163696289
0.294365,0.417844,261.624542236328
0.294365,0.423086,261.624542236328
0.294365,0.437049,265.923156738281
0.294365,0.439798,265.923156738281
0.294365,0.451394,274.036682128906
0.294365,0.461776,236.976715087891
0.294365,0.466948,210.257446289062
0.294365,0.468436,210.257446289062
0.294365,0.474607,210.257446289062
0.294365,0.484214,223.526489257812
0.294365,0.520499,232.576309204102
0.294365,0.543952,204.647430419922
0.294365,0.553698,242.008361816406
0.294365,0.630351,226.558456420898
0.294365,0.665585,146.862930297852
0.294365,0.67605,179.601715087891
0.294365,0.689104,175.034896850586
0.294365,0.700618,167.59309387207
0.294365,0.711771,167.017684936523
0.294365,0.717142,179.654815673828
0.294365,0.720265,179.654815673828
0.294365,0.749388,169.417022705078
0.294365,0.803635,204.995956420898
0.294365,0.805665,197.279098510742
0.294365,0.814556,197.279098510742
0.294365,0.826586,172.865905761719
0.294365,0.84424,153.233551025391
0.294365,0.894662,136.009552001953
0.294365,0.923621,109.449806213379
0.294365,0.941828,99.3576354980469
0.294365,0.950682,101.580444335938
0.294365,0.969391,71.8208312988281
0.320456,0.000193,326.096832275391
0.320456,0.013725,284.689483642578
0.320456,0.076309,304.229370117188
0.320456,0.126815,288.705017089844
0.320456,0.145599,285.787170410156
0.320456,0.167456,274.209564208984
0.320456,0.185265,340.699676513672
0.320456,0.18712,340.699676513672
0.320456,0.20015,253.455200195312
0.320456,0.235189,249.206512451172
0.320456,0.255809,275.876251220703
0.320456,0.316591,239.110046386719
0.320456,0.317533,239.110046386719
0.320456,0.332724,193.976440429688
0.320456,0.337257,209.601013183594
0.320456,0.353643,237.085510253906
0.320456,0.387567,232.404205322266
0.320456,0.412097,246.302703857422
0.320456,0.417844,249.312652587891
0.320456,0.423086,249.312652587891
0.320456,0.437049,244.029235839844
0.320456,0.439798,244.029235839844
0.320456,0.451394,241.519515991211
0.320456,0.461776,253.028137207031
0.320456,0.466948,238.338500976562
0.320456,0.468436,238.338500976562
0.320456,0.474607,238.338500976562
0.320456,0.484214,227.319030761719
0.320456,0.520499,242.4736328125
0.320456,0.543952,229.046325683594
0.320456,0.553698,266.120178222656
0.320456,0.630351,218.139175415039
0.320456,0.665585,195.526260375977
0.320456,0.67605,174.429122924805
0.320456,0.689104,209.442428588867
0.320456,0.700618,210.917434692383
0.320456,0.711771,196.047073364258
0.320456,0.717142,218.410171508789
0.320456,0.720265,218.410171508789
0.320456,0.749388,186.035110473633
0.320456,0.803635,219.491058349609
0.320456,0.805665,172.650573730469
0.320456,0.814556,159.933563232422
0.320456,0.826586,169.601486206055
0.320456,0.84424,145.264755249023
0.320456,0.894662,135.717468261719
0.320456,0.923621,123.709976196289
0.320456,0.941828,95.0016174316406
0.320456,0.950682,99.1395111083984
0.320456,0.969391,67.4162292480469
0.34935,0.000193,303.48681640625
0.34935,0.013725,311.166076660156
0.34935,0.076309,254.844299316406
0.34935,0.126815,278.878448486328
0.34935,0.145599,303.850250244141
0.34935,0.167456,297.158416748047
0.34935,0.185265,300.719787597656
0.34935,0.18712,300.719787597656
0.34935,0.20015,278.012359619141
0.34935,0.235189,277.406219482422
0.34935,0.255809,286.9140625
0.34935,0.316591,295.140655517578
0.34935,0.317533,295.140655517578
0.34935,0.332724,295.614501953125
0.34935,0.337257,299.647491455078
0.34935,0.353643,307.623443603516
0.34935,0.387567,274.213470458984
0.34935,0.412097,304.122314453125
0.34935,0.417844,280.244964599609
0.34935,0.423086,280.244964599609
0.34935,0.437049,233.621444702148
0.34935,0.439798,233.621444702148
0.34935,0.451394,227.538711547852
0.34935,0.461776,244.789169311523
0.34935,0.466948,203.140060424805
0.34935,0.468436,203.140060424805
0.34935,0.474607,203.140060424805
0.34935,0.484214,197.538543701172
0.34935,0.520499,189.974197387695
0.34935,0.543952,223.219970703125
0.34935,0.553698,224.096267700195
0.34935,0.630351,225.396377563477
0.34935,0.665585,243.135192871094
0.34935,0.67605,208.654815673828
0.34935,0.689104,186.323272705078
0.34935,0.700618,223.301040649414
0.34935,0.711771,186.875259399414
0.34935,0.717142,198.505569458008
0.34935,0.720265,198.505569458008
0.34935,0.749388,199.900207519531
0.34935,0.803635,189.143096923828
0.34935,0.805665,203.05940246582
0.34935,0.814556,203.05940246582
0.34935,0.826586,216.042098999023
0.34935,0.84424,170.63557434082
0.34935,0.894662,172.476791381836
0.34935,0.923621,125.956886291504
0.34935,0.941828,123.777503967285
0.34935,0.950682,94.5610427856445
0.34935,0.969391,78.5259017944336
0.363416,0.000193,263.402618408203
0.363416,0.013725,295.379180908203
0.363416,0.076309,241.149215698242
0.363416,0.126815,307.321197509766
0.363416,0.145599,303.015991210938
0.363416,0.167456,297.59033203125
0.363416,0.185265,276.510437011719
0.363416,0.18712,276.510437011719
0.363416,0.20015,316.682464599609
0.363416,0.235189,266.290008544922
0.363416,0.255809,269.742126464844
0.363416,0.316591,292.822021484375
0.363416,0.317533,292.822021484375
0.363416,0.332724,253.76838684082
0.363416,0.337257,264.701354980469
0.363416,0.353643,300.004791259766
0.363416,0.387567,306.000183105469
0.363416,0.412097,311.540496826172
0.363416,0.417844,238.330673217773
0.363416,0.423086,238.330673217773
0.363416,0.437049,265.707336425781
0.363416,0.439798,265.707336425781
0.363416,0.451394,223.760070800781
0.363416,0.461776,274.83740234375
0.363416,0.466948,261.081298828125
0.363416,0.468436,261.081298828125
0.363416,0.474607,261.081298828125
0.363416,0.484214,244.701263427734
0.363416,0.520499,228.939910888672
0.363416,0.543952,264.296478271484
0.363416,0.553698,280.718933105469
0.363416,0.630351,226.119445800781
0.363416,0.665585,223.235641479492
0.363416,0.67605,219.92448425293
0.363416,0.689104,215.240936279297
0.363416,0.700618,228.549667358398
0.363416,0.711771,197.087097167969
0.363416,0.717142,200.44416809082
0.363416,0.720265,200.44416809082
0.363416,0.749388,203.215972900391
0.363416,0.803635,242.311279296875
0.363416,0.805665,197.340148925781
0.363416,0.814556,197.340148925781
0.363416,0.826586,178.077774047852
0.363416,0.84424,169.516265869141
0.363416,0.894662,137.910507202148
0.363416,0.923621,112.206550598145
0.363416,0.941828,118.780075073242
0.363416,0.950682,106.842681884766
0.363416,0.969391,69.181640625
0.382348,0.000193,316.891632080078
0.382348,0.013725,270.666320800781
0.382348,0.076309,334.883453369141
0.382348,0.126815,297.077056884766
0.382348,0.145599,299.45849609375
0.382348,0.167456,308.876220703125
0.382348,0.185265,318.372497558594
0.382348,0.18712,318.372497558594
0.382348,0.20015,312.822692871094
0.382348,0.235189,239.380661010742
0.382348,0.255809,275.545867919922
0.382348,0.316591,322.875396728516
0.382348,0.317533,322.875396728516
0.382348,0.332724,272.346008300781
0.382348,0.337257,243.74934387207
0.382348,0.353643,305.067565917969
0.382348,0.387567,296.130310058594
0.382348,0.412097,238.997619628906
0.382348,0.417844,272.758148193359
0.382348,0.423086,272.758148193359
0.382348,0.437049,250.377212524414
0.382348,0.439798,250.377212524414
0.382348,0.451394,218.939529418945
0.382348,0.461776,234.732269287109
0.382348,0.466948,249.056640625
0.382348,0.468436,249.056640625
0.382348,0.474607,259.517791748047
0.382348,0.484214,255.365707397461
0.382348,0.520499,221.043106079102
0.382348,0.543952,234.469543457031
0.382348,0.553698,251.979248046875
0.382348,0.630351,233.399627685547
0.382348,0.665585,223.860000610352
0.382348,0.67605,236.64208984375
0.382348,0.689104,186.956893920898
0.382348,0.700618,220.302307128906
0.382348,0.711771,231.728286743164
0.382348,0.717142,253.316970825195
0.382348,0.720265,253.316970825195
0.382348,0.749388,174.26025390625
0.382348,0.803635,184.585205078125
0.382348,0.805665,171.029495239258
0.382348,0.814556,171.029495239258
0.382348,0.826586,194.990539550781
0.382348,0.84424,189.544097900391
0.382348,0.894662,167.688903808594
0.382348,0.923621,127.826759338379
0.382348,0.941828,117.262756347656
0.382348,0.950682,123.437782287598
0.382348,0.969391,85.9592742919922
0.401844,0.000193,287.177703857422
0.401844,0.013725,302.209899902344
0.401844,0.076309,287.982238769531
0.401844,0.126815,277.880767822266
0.401844,0.145599,313.895080566406
0.401844,0.167456,314.843200683594
0.401844,0.185265,308.846923828125
0.401844,0.18712,308.846923828125
0.401844,0.20015,276.449432373047
0.401844,0.235189,274.763092041016
0.401844,0.255809,269.17626953125
0.401844,0.316591,303.892059326172
0.401844,0.317533,303.892059326172
0.401844,0.332724,302.353698730469
0.401844,0.337257,279.454040527344
0.401844,0.353643,235.319595336914
0.401844,0.387567,309.685638427734
0.401844,0.412097,263.265655517578
0.401844,0.417844,263.879089355469
0.401844,0.423086,263.879089355469
0.401844,0.437049,283.657348632812
0.401844,0.439798,283.657348632812
0.401844,0.451394,298.759521484375
0.401844,0.461776,326.852203369141
0.401844,0.466948,316.952667236328
0.401844,0.468436,316.952667236328
0.401844,0.474607,316.952667236328
0.401844,0.484214,291.669738769531
0.401844,0.520499,312.339202880859
0.401844,0.543952,244.57177734375
0.401844,0.553698,233.949783325195
0.401844,0.630351,223.640716552734
0.401844,0.665585,213.412933349609
0.401844,0.67605,216.726348876953
0.401844,0.689104,213.299423217773
0.401844,0.700618,271.787017822266
0.401844,0.711771,265.146118164062
0.401844,0.717142,220.48258972168
0.401844,0.720265,220.48258972168
0.401844,0.749388,205.551803588867
0.401844,0.803635,199.132217407227
0.401844,0.805665,199.209197998047
0.401844,0.814556,199.209197998047
0.401844,0.826586,208.787246704102
0.401844,0.84424,185.816467285156
0.401844,0.894662,159.902008056641
0.401844,0.923621,142.922485351562
0.401844,0.941828,121.042358398438
0.401844,0.950682,108.29320526123
0.401844,0.969391,86.0699462890625
0.407963,0.000193,276.385406494141
0.407963,0.013725,317.140014648438
0.407963,0.076309,304.068023681641
0.407963,0.126815,291.399078369141
0.407963,0.145599,295.844024658203
0.407963,0.167456,285.867370605469
0.407963,0.185265,275.120300292969
0.407963,0.18712,275.120300292969
0.407963,0.20015,267.713562011719
0.407963,0.235189,329.412048339844
0.407963,0.255809,309.427673339844
0.407963,0.316591,313.156311035156
0.407963,0.317533,313.156311035156
0.407963,0.332724,303.437652587891
0.407963,0.337257,314.821350097656
0.407963,0.353643,335.249694824219
0.407963,0.387567,253.620040893555
0.407963,0.412097,255.366836547852
0.407963,0.417844,274.944152832031
0.407963,0.423086,274.944152832031
0.407963,0.437049,264.103546142578
0.407963,0.439798,264.103546142578
0.407963,0.451394,285.404144287109
0.407963,0.461776,263.208343505859
0.407963,0.466948,286.482971191406
0.407963,0.468436,286.482971191406
0.407963,0.474607,286.482971191406
0.407963,0.484214,247.855987548828
0.407963,0.520499,221.87890625
0.407963,0.543952,261.797790527344
0.407963,0.553698,241.077789306641
0.407963,0.630351,223.621627807617
0.407963,0.665585,227.442352294922
0.407963,0.67605,228.275787353516
0.407963,0.689104,256.840728759766
0.407963,0.700618,209.300338745117
0.407963,0.711771,185.352523803711
0.407963,0.717142,210.791015625
0.407963,0.720265,247.251251220703
0.407963,0.749388,235.425857543945
0.407963,0.803635,199.860992431641
0.407963,0.805665,202.714828491211
0.407963,0.814556,200.555221557617
0.407963,0.826586,218.344375610352
0.407963,0.84424,160.702224731445
0.407963,0.894662,150.816223144531
0.407963,0.923621,135.451141357422
0.407963,0.941828,113.093643188477
0.407963,0.950682,108.521621704102
0.407963,0.969391,89.190071105957
0.428261,0.000193,298.48583984375
0.428261,0.013725,303.083740234375
0.428261,0.076309,316.237823486328
0.428261,0.126815,286.5849609375
0.428261,0.145599,264.600158691406
0.428261,0.167456,325.104766845703
0.428261,0.185265,291.258361816406
0.428261,0.18712,291.258361816406
0.428261,0.20015,284.748718261719
0.428261,0.235189,312.52001953125
0.428261,0.255809,346.958892822266
0.428261,0.316591,309.759948730469
0.428261,0.317533,309.759948730469
0.428261,0.332724,290.749542236328
0.428261,0.337257,280.955871582031
0.428261,0.353643,312.224700927734
0.428261,0.387567,268.551483154297
0.428261,0.412097,302.113006591797
0.428261,0.417844,323.748260498047
0.428261,0.423086,323.748260498047
0.428261,0.437049,273.949859619141
0.428261,0.439798,273.949859619141
0.428261,0.451394,304.945343017578
0.428261,0.461776,275.795989990234
0.428261,0.466948,260.887023925781
0.428261,0.468436,260.887023925781
0.428261,0.474607,260.887023925781
0.428261,0.484214,288.328277587891
0.428261,0.520499,306.6884765625
0.428261,0.543952,248.411193847656
0.428261,0.553698,249.424789428711
0.428261,0.630351,313.935119628906
0.428261,0.665585,237.642807006836
0.428261,0.67605,266.480712890625
0.428261,0.689104,226.435775756836
0.428261,0.700618,237.304473876953
0.428261,0.711771,198.530288696289
0.428261,0.717142,225.588714599609
0.428261,0.720265,227.643081665039
0.428261,0.749388,230.401596069336
0.428261,0.803635,220.646926879883
0.428261,0.805665,224.868377685547
0.428261,0.814556,224.868377685547
0.428261,0.826586,203.929916381836
0.428261,0.84424,203.843078613281
0.428261,0.894662,164.342544555664
0.428261,0.923621,154.592880249023
0.428261,0.941828,149.650833129883
0.428261,0.950682,133.850326538086
0.428261,0.969391,82.8298187255859
0.430295,0.000193,298.48583984375
0.430295,0.013725,303.083740234375
0.430295,0.076309,316.237823486328
0.430295,0.126815,286.5849609375
0.430295,0.145599,264.600158691406
0.430295,0.167456,325.104766845703
0.430295,0.185265,291.258361816406
0.430295,0.18712,291.258361816406
0.430295,0.20015,284.748718261719
0.430295,0.235189,312.52001953125
0.430295,0.255809,346.958892822266
0.430295,0.316591,309.759948730469
0.430295,0.317533,309.759948730469
0.430295,0.332724,290.749542236328
0.430295,0.337257,280.955871582031
0.430295,0.353643,312.224700927734
0.430295,0.387567,268.551483154297
0.430295,0.412097,275.577514648438
0.430295,0.417844,311.853302001953
0.430295,0.423086,311.853302001953
0.430295,0.437049,273.949859619141
0.430295,0.439798,273.949859619141
0.430295,0.451394,304.945343017578
0.430295,0.461776,275.795989990234
0.430295,0.466948,260.887023925781
0.430295,0.468436,260.887023925781
0.430295,0.474607,260.887023925781
0.430295,0.484214,288.328277587891
0.430295,0.520499,306.6884765625
0.430295,0.543952,248.411193847656
0.430295,0.553698,249.424789428711
0.430295,0.630351,313.935119628906
0.430295,0.665585,237.642807006836
0.430295,0.67605,266.480712890625
0.430295,0.689104,226.435775756836
0.430295,0.700618,237.304473876953
0.430295,0.711771,198.530288696289
0.430295,0.717142,226.978698730469
0.430295,0.720265,229.033065795898
0.430295,0.749388,230.401596069336
0.430295,0.803635,220.646926879883
0.430295,0.805665,224.868377685547
0.430295,0.814556,224.868377685547
0.430295,0.826586,203.929916381836
0.430295,0.84424,203.843078613281
0.430295,0.894662,164.342544555664
0.430295,0.923621,154.592880249023
0.430295,0.941828,149.650833129883
0.430295,0.950682,133.850326538086
0.430295,0.969391,82.8298187255859
0.443549,0.000193,321.829315185547
0.443549,0.013725,292.206970214844
0.443549,0.076309,310.564239501953
0.443549,0.126815,278.466278076172
0.443549,0.145599,304.197113037109
0.443549,0.167456,308.440704345703
0.443549,0.185265,310.373779296875
0.443549,0.18712,310.373779296875
0.443549,0.20015,318.859771728516
0.443549,0.235189,285.196960449219
0.443549,0.255809,245.26318359375
0.443549,0.316591,314.473937988281
0.443549,0.317533,314.473937988281
0.443549,0.332724,296.097991943359
0.443549,0.337257,279.682769775391
0.443549,0.353643,340.273590087891
0.443549,0.387567,273.844848632812
0.443549,0.412097,232.519790649414
0.443549,0.417844,291.359436035156
0.443549,0.423086,291.359436035156
0.443549,0.437049,249.061782836914
0.443549,0.439798,249.061782836914
0.443549,0.451394,276.377166748047
0.443549,0.461776,256.951934814453
0.443549,0.466948,260.801361083984
0.443549,0.468436,260.801361083984
0.443549,0.474607,260.801361083984
0.443549,0.484214,292.146362304688
0.443549,0.520499,233.994491577148
0.443549,0.543952,216.270416259766
0.443549,0.553698,223.653945922852
0.443549,0.630351,274.906341552734
0.443549,0.665585,270.842834472656
0.443549,0.67605,269.582427978516
0.443549,0.689104,251.342697143555
0.443549,0.700618,296.055877685547
0.443549,0.711771,232.486282348633
0.443549,0.717142,249.935729980469
0.443549,0.720265,249.935729980469
0.443549,0.749388,232.652709960938
0.443549,0.803635,204.354797363281
0.443549,0.805665,206.692352294922
0.443549,0.814556,206.692352294922
0.443549,0.826586,205.812057495117
0.443549,0.84424,221.850784301758
0.443549,0.894662,175.120208740234
0.443549,0.923621,144.375732421875
0.443549,0.941828,126.797630310059
0.443549,0.950682,99.6879730224609
0.443549,0.969391,84.4881286621094
0.496568,0.000193,368.1435546875
0.496568,0.013725,338.413757324219
0.496568,0.076309,308.939514160156
0.496568,0.126815,300.513366699219
0.496568,0.145599,336.606018066406
0.496568,0.167456,312.962921142578
0.496568,0.185265,329.180908203125
0.496568,0.18712,329.180908203125
0.496568,0.20015,309.746154785156
0.496568,0.235189,263.685089111328
0.496568,0.255809,291.778533935547
0.496568,0.316591,327.365234375
0.496568,0.317533,327.365234375
0.496568,0.332724,334.735076904297
0.496568,0.337257,282.381286621094
0.496568,0.353643,246.952270507812
0.496568,0.387567,296.457885742188
0.496568,0.412097,281.438140869141
0.496568,0.417844,284.742919921875
0.496568,0.423086,284.742919921875
0.496568,0.437049,294.661102294922
0.496568,0.439798,294.661102294922
0.496568,0.451394,297.595367431641
0.496568,0.461776,324.958374023438
0.496568,0.466948,277.549926757812
0.496568,0.468436,277.549926757812
0.496568,0.474607,277.549926757812
0.496568,0.484214,267.96484375
0.496568,0.520499,294.125640869141
0.496568,0.543952,293.892669677734
0.496568,0.553698,274.481964111328
0.496568,0.630351,262.426452636719
0.496568,0.665585,250.247680664062
0.496568,0.67605,253.397323608398
0.496568,0.689104,266.92626953125
0.496568,0.700618,215.481185913086
0.496568,0.711771,227.329315185547
0.496568,0.717142,262.887084960938
0.496568,0.720265,262.887084960938
0.496568,0.749388,244.82307434082
0.496568,0.803635,265.249450683594
0.496568,0.805665,186.268661499023
0.496568,0.814556,186.268661499023
0.496568,0.826586,246.732238769531
0.496568,0.84424,184.391372680664
0.496568,0.894662,168.399993896484
0.496568,0.923621,153.600784301758
0.496568,0.941828,124.441909790039
0.496568,0.950682,114.590278625488
0.496568,0.969391,98.4973297119141
0.504176,0.000193,368.1435546875
0.504176,0.013725,338.413757324219
0.504176,0.076309,308.939514160156
0.504176,0.126815,300.513366699219
0.504176,0.145599,336.606018066406
0.504176,0.167456,312.962921142578
0.504176,0.185265,329.180908203125
0.504176,0.18712,329.180908203125
0.504176,0.20015,309.746154785156
0.504176,0.235189,263.685089111328
0.504176,0.255809,291.778533935547
0.504176,0.316591,327.365234375
0.504176,0.317533,327.365234375
0.504176,0.332724,334.735076904297
0.504176,0.337257,282.381286621094
0.504176,0.353643,246.952270507812
0.504176,0.387567,296.457885742188
0.504176,0.412097,281.438140869141
0.504176,0.417844,284.742919921875
0.504176,0.423086,284.742919921875
0.504176,0.437049,294.661102294922
0.504176,0.439798,294.661102294922
0.504176,0.451394,297.595367431641
0.504176,0.461776,324.958374023438
0.504176,0.466948,277.549926757812
0.504176,0.468436,277.549926757812
0.504176,0.474607,277.549926757812
0.504176,0.484214,267.96484375
0.504176,0.520499,294.125640869141
0.504176,0.543952,293.892669677734
0.504176,0.553698,274.481964111328
0.504176,0.630351,262.426452636719
0.504176,0.665585,250.247680664062
0.504176,0.67605,253.397323608398
0.504176,0.689104,266.92626953125
0.504176,0.700618,215.481185913086
0.504176,0.711771,227.329315185547
0.504176,0.717142,262.887084960938
0.504176,0.720265,262.887084960938
0.504176,0.749388,244.82307434082
0.504176,0.803635,265.249450683594
0.504176,0.805665,186.268661499023
0.504176,0.814556,186.268661499023
0.504176,0.826586,246.732238769531
0.504176,0.84424,184.391372680664
0.504176,0.894662,168.399993896484
0.504176,0.923621,153.600784301758
0.504176,0.941828,124.441909790039
0.504176,0.950682,114.590278625488
0.504176,0.969391,98.4973297119141
0.511126,0.000193,314.231384277344
0.511126,0.013725,323.636596679688
0.511126,0.076309,310.271881103516
0.511126,0.126815,319.933227539062
0.511126,0.145599,352.884216308594
0.511126,0.167456,336.395263671875
0.511126,0.185265,313.673919677734
0.511126,0.18712,313.673919677734
0.511126,0.20015,311.628204345703
0.511126,0.235189,292.202728271484
0.511126,0.255809,270.220092773438
0.511126,0.316591,314.460052490234
0.511126,0.317533,314.460052490234
0.511126,0.332724,322.714447021484
0.511126,0.337257,308.701354980469
0.511126,0.353643,270.890258789062
0.511126,0.387567,300.166809082031
0.511126,0.412097,287.232421875
0.511126,0.417844,295.161956787109
0.511126,0.423086,295.161956787109
0.511126,0.437049,311.542114257812
0.511126,0.439798,311.542114257812
0.511126,0.451394,321.712524414062
0.511126,0.461776,315.2333984375
0.511126,0.466948,294.501190185547
0.511126,0.468436,294.501190185547
0.511126,0.474607,294.501190185547
0.511126,0.484214,285.601013183594
0.511126,0.520499,311.409271240234
0.511126,0.543952,285.764099121094
0.511126,0.553698,281.9326171875
0.511126,0.630351,254.570526123047
0.511126,0.665585,273.565063476562
0.511126,0.67605,276.979095458984
0.511126,0.689104,251.532363891602
0.511126,0.700618,270.777679443359
0.511126,0.711771,269.689147949219
0.511126,0.717142,260.782104492188
0.511126,0.720265,256.8974609375
0.511126,0.749388,263.574523925781
0.511126,0.803635,269.557952880859
0.511126,0.805665,237.709732055664
0.511126,0.814556,237.709732055664
0.511126,0.826586,223.613220214844
0.511126,0.84424,220.3759765625
0.511126,0.894662,153.283584594727
0.511126,0.923621,164.255615234375
0.511126,0.941828,149.527496337891
0.511126,0.950682,125.747741699219
0.511126,0.969391,86.5411224365234
0.517541,0.000193,269.104858398438
0.517541,0.013725,318.333862304688
0.517541,0.076309,308.778503417969
0.517541,0.126815,328.031372070312
0.517541,0.145599,315.789855957031
0.517541,0.167456,353.835021972656
0.517541,0.185265,294.371429443359
0.517541,0.18712,294.371429443359
0.517541,0.20015,323.450653076172
0.517541,0.235189,287.529479980469
0.517541,0.255809,295.140747070312
0.517541,0.316591,282.510375976562
0.517541,0.317533,282.510375976562
0.517541,0.332724,272.010711669922
0.517541,0.337257,259.14013671875
0.517541,0.353643,268.782379150391
0.517541,0.387567,317.426971435547
0.517541,0.412097,290.773071289062
0.517541,0.417844,293.711975097656
0.517541,0.423086,293.711975097656
0.517541,0.437049,305.347808837891
0.517541,0.439798,305.347808837891
0.517541,0.451394,279.307830810547
0.517541,0.461776,272.957855224609
0.517541,0.466948,286.394165039062
0.517541,0.468436,286.394165039062
0.517541,0.474607,286.394165039062
0.517541,0.484214,281.944610595703
0.517541,0.520499,299.012969970703
0.517541,0.543952,280.104034423828
0.517541,0.553698,278.086273193359
0.517541,0.630351,281.814758300781
0.517541,0.665585,251.055282592773
0.517541,0.67605,270.236633300781
0.517541,0.689104,285.759429931641
0.517541,0.700618,257.836212158203
0.517541,0.711771,254.051239013672
0.517541,0.717142,237.612152099609
0.517541,0.720265,237.612152099609
0.517541,0.749388,267.442260742188
0.517541,0.803635,251.443542480469
0.517541,0.805665,217.974563598633
0.517541,0.814556,217.974563598633
0.517541,0.826586,230.085830688477
0.517541,0.84424,176.305999755859
0.517541,0.894662,174.531051635742
0.517541,0.923621,149.047439575195
0.517541,0.941828,165.497009277344
0.517541,0.950682,107.237724304199
0.517541,0.969391,80.2443618774414
0.530713,0.000193,368.8466796875
0.530713,0.013725,309.526947021484
0.530713,0.076309,315.955200195312
0.530713,0.126815,385.990081787109
0.530713,0.145599,317.517059326172
0.530713,0.167456,301.962280273438
0.530713,0.185265,372.843902587891
0.530713,0.18712,372.843902587891
0.530713,0.20015,359.352600097656
0.530713,0.235189,293.155700683594
0.530713,0.255809,341.825134277344
0.530713,0.316591,276.535034179688
0.530713,0.317533,276.535034179688
0.530713,0.332724,270.057006835938
0.530713,0.337257,227.351211547852
0.530713,0.353643,315.570220947266
0.530713,0.387567,320.564270019531
0.530713,0.412097,285.529541015625
0.530713,0.417844,265.325714111328
0.530713,0.423086,265.325714111328
0.530713,0.437049,310.245880126953
0.530713,0.439798,310.245880126953
0.530713,0.451394,335.811309814453
0.530713,0.461776,300.860595703125
0.530713,0.466948,284.357391357422
0.530713,0.468436,284.357391357422
0.530713,0.474607,284.357391357422
0.530713,0.484214,282.328735351562
0.530713,0.520499,298.942047119141
0.530713,0.543952,340.403900146484
0.530713,0.553698,296.248138427734
0.530713,0.630351,236.231140136719
0.530713,0.665585,238.007675170898
0.530713,0.67605,253.803665161133
0.530713,0.689104,277.775177001953
0.530713,0.700618,265.806060791016
0.530713,0.711771,258.486450195312
0.530713,0.717142,287.6923828125
0.530713,0.720265,287.6923828125
0.530713,0.749388,220.481170654297
0.530713,0.803635,230.793075561523
0.530713,0.805665,229.564712524414
0.530713,0.814556,229.564712524414
0.530713,0.826586,208.240356445312
0.530713,0.84424,234.129058837891
0.530713,0.894662,174.745529174805
0.530713,0.923621,162.187072753906
0.530713,0.941828,137.630599975586
0.530713,0.950682,133.968795776367
0.530713,0.969391,83.2913818359375
0.567895,0.000193,297.985870361328
0.567895,0.013725,279.901397705078
0.567895,0.076309,352.754364013672
0.567895,0.126815,302.738708496094
0.567895,0.145599,350.395111083984
0.567895,0.167456,315.818878173828
0.567895,0.185265,281.829620361328
0.567895,0.18712,281.829620361328
0.567895,0.20015,360.706939697266
0.567895,0.235189,313.358947753906
0.567895,0.255809,339.377593994141
0.567895,0.316591,311.005126953125
0.567895,0.317533,311.005126953125
0.567895,0.332724,355.319763183594
0.567895,0.337257,334.392364501953
0.567895,0.353643,291.937438964844
0.567895,0.387567,318.221435546875
0.567895,0.412097,299.5185546875
0.567895,0.417844,343.495086669922
0.567895,0.423086,343.495086669922
0.567895,0.437049,344.585540771484
0.567895,0.439798,344.585540771484
0.567895,0.451394,299.523345947266
0.567895,0.461776,322.038421630859
0.567895,0.466948,307.767272949219
0.567895,0.468436,307.767272949219
0.567895,0.474607,307.767272949219
0.567895,0.484214,302.263122558594
0.567895,0.520499,285.130493164062
0.567895,0.543952,295.15673828125
0.567895,0.553698,278.147583007812
0.567895,0.630351,304.812896728516
0.567895,0.665585,315.916381835938
0.567895,0.67605,251.626251220703
0.567895,0.689104,269.336791992188
0.567895,0.700618,241.596389770508
0.567895,0.711771,254.756423950195
0.567895,0.717142,275.330963134766
0.567895,0.720265,275.330963134766
0.567895,0.749388,243.076370239258
0.567895,0.803635,266.197692871094
0.567895,0.805665,246.424987792969
0.567895,0.814556,246.424987792969
0.567895,0.826586,244.598663330078
0.567895,0.84424,194.824157714844
0.567895,0.894662,181.346893310547
0.567895,0.923621,179.652526855469
0.567895,0.941828,143.125762939453
0.567895,0.950682,126.964477539062
0.567895,0.969391,86.264404296875
0.583607,0.000193,391.593719482422
0.583607,0.013725,369.068481445312
0.583607,0.076309,348.922576904297
0.583607,0.126815,324.585052490234
0.583607,0.145599,369.067230224609
0.583607,0.167456,325.155853271484
0.583607,0.185265,322.237579345703
0.583607,0.18712,322.237579345703
0.583607,0.20015,309.665161132812
0.583607,0.235189,309.168853759766
0.583607,0.255809,340.40087890625
0.583607,0.316591,274.1201171875
0.583607,0.317533,274.1201171875
0.583607,0.332724,322.483520507812
0.583607,0.337257,360.9599609375
0.583607,0.353643,319.2685546875
0.583607,0.387567,323.000152587891
0.583607,0.412097,293.471252441406
0.583607,0.417844,305.089447021484
0.583607,0.423086,305.089447021484
0.583607,0.437049,306.754302978516
0.583607,0.439798,306.754302978516
0.583607,0.451394,292.985321044922
0.583607,0.461776,312.389801025391
0.583607,0.466948,325.863494873047
0.583607,0.468436,325.863494873047
0.583607,0.474607,325.863494873047
0.583607,0.484214,314.222045898438
0.583607,0.520499,240.306518554688
0.583607,0.543952,272.848266601562
0.583607,0.553698,276.242767333984
0.583607,0.630351,295.330993652344
0.583607,0.665585,234.334564208984
0.583607,0.67605,266.89697265625
0.583607,0.689104,272.260681152344
0.583607,0.700618,241.131195068359
0.583607,0.711771,283.186370849609
0.583607,0.717142,282.041717529297
0.583607,0.720265,282.041717529297
0.583607,0.749388,309.012298583984
0.583607,0.803635,251.969131469727
0.583607,0.805665,237.552780151367
0.583607,0.814556,237.552780151367
0.583607,0.826586,209.758926391602
0.583607,0.84424,222.135650634766
0.583607,0.894662,238.695571899414
0.583607,0.923621,181.013854980469
0.583607,0.941828,129.365158081055
0.583607,0.950682,110.782852172852
0.583607,0.969391,91.7567520141602
0.655384,0.000193,298.532958984375
0.655384,0.013725,313.753814697266
0.655384,0.076309,346.584075927734
0.655384,0.126815,318.708343505859
0.655384,0.145599,307.061798095703
0.655384,0.167456,356.738983154297
0.655384,0.185265,341.987640380859
0.655384,0.18712,341.987640380859
0.655384,0.20015,339.591674804688
0.655384,0.235189,312.014495849609
0.655384,0.255809,311.379943847656
0.655384,0.316591,288.623138427734
0.655384,0.317533,288.623138427734
0.655384,0.332724,272.303344726562
0.655384,0.337257,320.465667724609
0.655384,0.353643,311.586120605469
0.655384,0.387567,341.717803955078
0.655384,0.412097,274.356384277344
0.655384,0.417844,301.366119384766
0.655384,0.423086,301.366119384766
0.655384,0.437049,324.346710205078
0.655384,0.439798,324.346710205078
0.655384,0.451394,335.726776123047
0.655384,0.461776,313.661651611328
0.655384,0.466948,337.602203369141
0.655384,0.468436,337.602203369141
0.655384,0.474607,337.602203369141
0.655384,0.484214,309.141082763672
0.655384,0.520499,315.947509765625
0.655384,0.543952,302.328033447266
0.655384,0.553698,279.838287353516
0.655384,0.630351,298.495941162109
0.655384,0.665585,283.30126953125
0.655384,0.67605,246.008804321289
0.655384,0.689104,259.701141357422
0.655384,0.700618,278.761840820312
0.655384,0.711771,276.280364990234
0.655384,0.717142,329.860778808594
0.655384,0.720265,329.860778808594
0.655384,0.749388,261.779846191406
0.655384,0.803635,237.71662902832
0.655384,0.805665,248.129409790039
0.655384,0.814556,248.129409790039
0.655384,0.826586,275.612274169922
0.655384,0.84424,247.625015258789
0.655384,0.894662,223.212738037109
0.655384,0.923621,181.419921875
0.655384,0.941828,159.446136474609
0.655384,0.950682,143.561752319336
0.655384,0.969391,74.9983901977539
0.659131,0.000193,298.532958984375
0.659131,0.013725,313.753814697266
0.659131,0.076309,346.584075927734
0.659131,0.126815,318.708343505859
0.659131,0.145599,307.061798095703
0.659131,0.167456,356.738983154297
0.659131,0.185265,341.987640380859
0.659131,0.18712,341.987640380859
0.659131,0.20015,339.591674804688
0.659131,0.235189,312.014495849609
0.659131,0.255809,311.379943847656
0.659131,0.316591,288.623138427734
0.659131,0.317533,288.623138427734
0.659131,0.332724,272.303344726562
0.659131,0.337257,320.465667724609
0.659131,0.353643,311.586120605469
0.659131,0.387567,341.717803955078
0.659131,0.412097,274.356384277344
0.659131,0.417844,301.366119384766
0.659131,0.423086,301.366119384766
0.659131,0.437049,324.346710205078
0.659131,0.439798,324.346710205078
0.659131,0.451394,335.726776123047
0.659131,0.461776,313.661651611328
0.659131,0.466948,337.602203369141
0.659131,0.468436,337.602203369141
0.659131,0.474607,337.602203369141
0.659131,0.484214,309.141082763672
0.659131,0.520499,315.947509765625
0.659131,0.543952,302.328033447266
0.659131,0.553698,279.838287353516
0.659131,0.630351,298.495941162109
0.659131,0.665585,283.30126953125
0.659131,0.67605,246.008804321289
0.659131,0.689104,259.701141357422
0.659131,0.700618,278.761840820312
0.659131,0.711771,276.280364990234
0.659131,0.717142,329.860778808594
0.659131,0.720265,329.860778808594
0.659131,0.749388,261.779846191406
0.659131,0.803635,237.71662902832
0.659131,0.805665,248.129409790039
0.659131,0.814556,248.129409790039
0.659131,0.826586,275.612274169922
0.659131,0.84424,247.625015258789
0.659131,0.894662,223.212738037109
0.659131,0.923621,181.419921875
0.659131,0.941828,159.446136474609
0.659131,0.950682,143.561752319336
0.659131,0.969391,74.9983901977539
0.670787,0.000193,325.444396972656
0.670787,0.013725,308.751129150391
0.670787,0.076309,338.545227050781
0.670787,0.126815,326.024475097656
0.670787,0.145599,358.330413818359
0.670787,0.167456,334.423248291016
0.670787,0.185265,341.414398193359
0.670787,0.18712,341.414398193359
0.670787,0.20015,333.884948730469
0.670787,0.235189,297.831878662109
0.670787,0.255809,310.280883789062
0.670787,0.316591,304.894866943359
0.670787,0.317533,304.894866943359
0.670787,0.332724,352.493713378906
0.670787,0.337257,307.722442626953
0.670787,0.353643,305.332183837891
0.670787,0.387567,319.902587890625
0.670787,0.412097,278.893463134766
0.670787,0.417844,309.215698242188
0.670787,0.423086,311.6259765625
0.670787,0.437049,285.521636962891
0.670787,0.439798,285.521636962891
0.670787,0.451394,295.571716308594
0.670787,0.461776,338.947174072266
0.670787,0.466948,326.438049316406
0.670787,0.468436,326.438049316406
0.670787,0.474607,326.438049316406
0.670787,0.484214,318.830810546875
0.670787,0.520499,272.643310546875
0.670787,0.543952,275.814392089844
0.670787,0.553698,269.642425537109
0.670787,0.630351,285.056060791016
0.670787,0.665585,304.634368896484
0.670787,0.67605,270.210632324219
0.670787,0.689104,281.976867675781
0.670787,0.700618,297.823150634766
0.670787,0.711771,273.315979003906
0.670787,0.717142,271.144561767578
0.670787,0.720265,271.144561767578
0.670787,0.749388,250.180786132812
0.670787,0.803635,263.424865722656
0.670787,0.805665,273.405548095703
0.670787,0.814556,273.405548095703
0.670787,0.826586,240.41357421875
0.670787,0.84424,217.701934814453
0.670787,0.894662,248.658767700195
0.670787,0.923621,177.842254638672
0.670787,0.941828,116.952735900879
0.670787,0.950682,110.965179443359
0.670787,0.969391,87.2529830932617
0.680216,0.000193,297.916839599609
0.680216,0.013725,361.936920166016
0.680216,0.076309,287.557403564453
0.680216,0.126815,289.506713867188
0.680216,0.145599,261.659637451172
0.680216,0.167456,320.492980957031
0.680216,0.185265,316.644348144531
0.680216,0.18712,316.644348144531
0.680216,0.20015,304.297546386719
0.680216,0.235189,351.643615722656
0.680216,0.255809,317.763031005859
0.680216,0.316591,312.167541503906
0.680216,0.317533,312.167541503906
0.680216,0.332724,345.908599853516
0.680216,0.337257,314.304443359375
0.680216,0.353643,320.569152832031
0.680216,0.387567,327.473663330078
0.680216,0.412097,305.664886474609
0.680216,0.417844,303.155426025391
0.680216,0.423086,303.155426025391
0.680216,0.437049,284.369781494141
0.680216,0.439798,284.369781494141
0.680216,0.451394,291.266174316406
0.680216,0.461776,315.7509765625
0.680216,0.466948,304.671752929688
0.680216,0.468436,304.671752929688
0.680216,0.474607,304.671752929688
0.680216,0.484214,311.955108642578
0.680216,0.520499,286.687347412109
0.680216,0.543952,301.414123535156
0.680216,0.553698,265.816131591797
0.680216,0.630351,261.369750976562
0.680216,0.665585,283.628692626953
0.680216,0.67605,281.264404296875
0.680216,0.689104,294.854370117188
0.680216,0.700618,308.962432861328
0.680216,0.711771,274.171691894531
0.680216,0.717142,255.161819458008
0.680216,0.720265,255.161819458008
0.680216,0.749388,292.255187988281
0.680216,0.803635,258.301574707031
0.680216,0.805665,264.257385253906
0.680216,0.814556,264.257385253906
0.680216,0.826586,245.764038085938
0.680216,0.84424,233.491882324219
0.680216,0.894662,206.961730957031
0.680216,0.923621,166.730346679688
0.680216,0.941828,131.931671142578
0.680216,0.950682,129.542694091797
0.680216,0.969391,97.2154998779297
0.685384,0.000193,282.914306640625
0.685384,0.013725,338.871063232422
0.685384,0.076309,380.027587890625
0.685384,0.126815,348.045776367188
0.685384,0.145599,296.660888671875
0.685384,0.167456,288.3974609375
0.685384,0.185265,318.7666015625
0.685384,0.18712,318.7666015625
0.685384,0.20015,346.546051025391
0.685384,0.235189,330.405242919922
0.685384,0.255809,340.162506103516
0.685384,0.316591,337.080200195312
0.685384,0.317533,337.080200195312
0.685384,0.332724,338.420593261719
0.685384,0.337257,279.430023193359
0.685384,0.353643,311.960418701172
0.685384,0.387567,267.610107421875
0.685384,0.412097,293.76171875
0.685384,0.417844,300.880035400391
0.685384,0.423086,300.880035400391
0.685384,0.437049,301.358306884766
0.685384,0.439798,301.358306884766
0.685384,0.451394,304.486907958984
0.685384,0.461776,317.391937255859
0.685384,0.466948,307.194763183594
0.685384,0.468436,307.194763183594
0.685384,0.474607,307.194763183594
0.685384,0.484214,309.987091064453
0.685384,0.520499,312.805938720703
0.685384,0.543952,363.260620117188
0.685384,0.553698,303.235992431641
0.685384,0.630351,319.907775878906
0.685384,0.665585,285.145843505859
0.685384,0.67605,275.675933837891
0.685384,0.689104,274.962158203125
0.685384,0.700618,297.257171630859
0.685384,0.711771,277.480072021484
0.685384,0.717142,280.546447753906
0.685384,0.720265,280.546447753906
0.685384,0.749388,284.101257324219
0.685384,0.803635,257.671112060547
0.685384,0.805665,277.358337402344
0.685384,0.814556,277.358337402344
0.685384,0.826586,201.187164306641
0.685384,0.84424,231.295974731445
0.685384,0.894662,194.993545532227
0.685384,0.923621,189.482070922852
0.685384,0.941828,142.850738525391
0.685384,0.950682,127.764595031738
0.685384,0.969391,85.316047668457
0.708739,0.000193,323.021148681641
0.708739,0.013725,338.750061035156
0.708739,0.076309,318.204864501953
0.708739,0.126815,279.251373291016
0.708739,0.145599,321.345184326172
0.708739,0.167456,320.038879394531
0.708739,0.185265,342.356903076172
0.708739,0.18712,342.356903076172
0.708739,0.20015,304.605407714844
0.708739,0.235189,364.724884033203
0.708739,0.255809,329.263916015625
0.708739,0.316591,332.999237060547
0.708739,0.317533,332.999237060547
0.708739,0.332724,355.858062744141
0.708739,0.337257,328.431457519531
0.708739,0.353643,332.720306396484
0.708739,0.387567,296.369995117188
0.708739,0.412097,297.622222900391
0.708739,0.417844,291.084289550781
0.708739,0.423086,291.084289550781
0.708739,0.437049,336.595153808594
0.708739,0.439798,336.595153808594
0.708739,0.451394,321.443511962891
0.708739,0.461776,288.768707275391
0.708739,0.466948,304.576599121094
0.708739,0.468436,304.576599121094
0.708739,0.474607,304.576599121094
0.708739,0.484214,295.680419921875
0.708739,0.520499,334.775360107422
0.708739,0.543952,319.548492431641
0.708739,0.553698,281.035705566406
0.708739,0.630351,290.598602294922
0.708739,0.665585,301.642181396484
0.708739,0.67605,256.482299804688
0.708739,0.689104,316.340576171875
0.708739,0.700618,302.130981445312
0.708739,0.711771,268.611999511719
0.708739,0.717142,330.075469970703
0.708739,0.720265,330.075469970703
0.708739,0.749388,257.1611328125
0.708739,0.803635,254.813537597656
0.708739,0.805665,256.600189208984
0.708739,0.814556,256.600189208984
0.708739,0.826586,267.996948242188
0.708739,0.84424,237.869049072266
0.708739,0.894662,206.893524169922
0.708739,0.923621,156.704315185547
0.708739,0.941828,132.088516235352
0.708739,0.950682,134.270355224609
0.708739,0.969391,71.9915466308594
0.731242,0.000193,315.461395263672
0.731242,0.013725,309.790496826172
0.731242,0.076309,311.031768798828
0.731242,0.126815,285.351898193359
0.731242,0.145599,328.445434570312
0.731242,0.167456,347.977905273438
0.731242,0.185265,334.744659423828
0.731242,0.18712,334.744659423828
0.731242,0.20015,326.858825683594
0.731242,0.235189,297.709045410156
0.731242,0.255809,304.747009277344
0.731242,0.316591,341.688079833984
0.731242,0.317533,341.688079833984
0.731242,0.332724,338.836456298828
0.731242,0.337257,316.057220458984
0.731242,0.353643,342.573516845703
0.731242,0.387567,327.912780761719
0.731242,0.412097,287.759155273438
0.731242,0.417844,297.644836425781
0.731242,0.423086,297.644836425781
0.731242,0.437049,283.735626220703
0.731242,0.439798,283.735626220703
0.731242,0.451394,304.022918701172
0.731242,0.461776,321.749481201172
0.731242,0.466948,308.758575439453
0.731242,0.468436,308.758575439453
0.731242,0.474607,308.758575439453
0.731242,0.484214,313.640106201172
0.731242,0.520499,355.374145507812
0.731242,0.543952,306.404571533203
0.731242,0.553698,331.778198242188
0.731242,0.630351,309.193786621094
0.731242,0.665585,272.244476318359
0.731242,0.67605,301.394989013672
0.731242,0.689104,280.641967773438
0.731242,0.700618,262.296722412109
0.731242,0.711771,255.064407348633
0.731242,0.717142,283.456268310547
0.731242,0.720265,283.456268310547
0.731242,0.749388,268.699676513672
0.731242,0.803635,269.674499511719
0.731242,0.805665,262.715850830078
0.731242,0.814556,262.715850830078
0.731242,0.826586,257.326324462891
0.731242,0.84424,266.332122802734
0.731242,0.894662,201.667663574219
0.731242,0.923621,175.887878417969
0.731242,0.941828,164.198440551758
0.731242,0.950682,139.929473876953
0.731242,0.969391,82.3749771118164
0.741098,0.000193,378.810241699219
0.741098,0.013725,304.546813964844
0.741098,0.076309,311.994934082031
0.741098,0.126815,373.510925292969
0.741098,0.145599,289.100006103516
0.741098,0.167456,323.314544677734
0.741098,0.185265,307.766754150391
0.741098,0.18712,307.766754150391
0.741098,0.20015,301.107299804688
0.741098,0.235189,361.909484863281
0.741098,0.255809,304.661437988281
0.741098,0.316591,327.888153076172
0.741098,0.317533,327.888153076172
0.741098,0.332724,316.052673339844
0.741098,0.337257,320.985717773438
0.741098,0.353643,305.142211914062
0.741098,0.387567,275.344573974609
0.741098,0.412097,297.305450439453
0.741098,0.417844,351.670013427734
0.741098,0.423086,351.670013427734
0.741098,0.437049,329.430450439453
0.741098,0.439798,329.430450439453
0.741098,0.451394,311.714172363281
0.741098,0.461776,307.709655761719
0.741098,0.466948,300.295623779297
0.741098,0.468436,300.295623779297
0.741098,0.474607,300.295623779297
0.741098,0.484214,382.003662109375
0.741098,0.520499,269.236633300781
0.741098,0.543952,297.041656494141
0.741098,0.553698,313.710052490234
0.741098,0.630351,289.823913574219
0.741098,0.665585,292.550537109375
0.741098,0.67605,317.377655029297
0.741098,0.689104,283.301422119141
0.741098,0.700618,267.482574462891
0.741098,0.711771,253.403549194336
0.741098,0.717142,289.144104003906
0.741098,0.720265,289.144104003906
0.741098,0.749388,257.546020507812
0.741098,0.803635,246.029403686523
0.741098,0.805665,247.748046875
0.741098,0.814556,247.748046875
0.741098,0.826586,231.896728515625
0.741098,0.84424,230.386962890625
0.741098,0.894662,225.750381469727
0.741098,0.923621,160.765045166016
0.741098,0.941828,155.750152587891
0.741098,0.950682,129.929016113281
0.741098,0.969391,89.8151473999023
0.743233,0.000193,378.810241699219
0.743233,0.013725,304.546813964844
0.743233,0.076309,311.994934082031
0.743233,0.126815,373.510925292969
0.743233,0.145599,289.100006103516
0.743233,0.167456,323.314544677734
0.743233,0.185265,307.766754150391
0.743233,0.18712,307.766754150391
0.743233,0.20015,301.107299804688
0.743233,0.235189,361.909484863281
0.743233,0.255809,304.661437988281
0.743233,0.316591,327.888153076172
0.743233,0.317533,327.888153076172
0.743233,0.332724,316.052673339844
0.743233,0.337257,320.985717773438
0.743233,0.353643,305.142211914062
0.743233,0.387567,275.344573974609
0.743233,0.412097,297.305450439453
0.743233,0.417844,351.670013427734
0.743233,0.423086,351.670013427734
0.743233,0.437049,329.430450439453
0.743233,0.439798,329.430450439453
0.743233,0.451394,311.714172363281
0.743233,0.461776,307.709655761719
0.743233,0.466948,300.295623779297
0.743233,0.468436,300.295623779297
0.743233,0.474607,300.295623779297
0.743233,0.484214,382.003662109375
0.743233,0.520499,269.236633300781
0.743233,0.543952,297.041656494141
0.743233,0.553698,313.710052490234
0.743233,0.630351,289.823913574219
0.743233,0.665585,292.550537109375
0.743233,0.67605,317.377655029297
0.743233,0.689104,283.301422119141
0.743233,0.700618,267.482574462891
0.743233,0.711771,253.403549194336
0.743233,0.717142,289.144104003906
0.743233,0.720265,289.144104003906
0.743233,0.749388,257.546020507812
0.743233,0.803635,246.029403686523
0.743233,0.805665,247.748046875
0.743233,0.814556,247.748046875
0.743233,0.826586,231.896728515625
0.743233,0.84424,230.386962890625
0.743233,0.894662,225.750381469727
0.743233,0.923621,160.765045166016
0.743233,0.941828,155.750152587891
0.743233,0.950682,129.929016113281
0.743233,0.969391,89.8151473999023
0.800781,0.000193,349.290802001953
0.800781,0.013725,320.305023193359
0.800781,0.076309,346.853576660156
0.800781,0.126815,325.113189697266
0.800781,0.145599,308.362060546875
0.800781,0.167456,315.593139648438
0.800781,0.185265,328.519592285156
0.800781,0.18712,328.519592285156
0.800781,0.20015,323.854187011719
0.800781,0.235189,311.569549560547
0.800781,0.255809,292.874633789062
0.800781,0.316591,304.8076171875
0.800781,0.317533,304.8076171875
0.800781,0.332724,303.071807861328
0.800781,0.337257,293.670715332031
0.800781,0.353643,315.162109375
0.800781,0.387567,296.278564453125
0.800781,0.412097,304.285034179688
0.800781,0.417844,347.089263916016
0.800781,0.423086,347.089263916016
0.800781,0.437049,318.850799560547
0.800781,0.439798,318.850799560547
0.800781,0.451394,317.871643066406
0.800781,0.461776,340.261779785156
0.800781,0.466948,318.181518554688
0.800781,0.468436,318.181518554688
0.800781,0.474607,318.181518554688
0.800781,0.484214,319.786712646484
0.800781,0.520499,329.332672119141
0.800781,0.543952,333.671020507812
0.800781,0.553698,313.491424560547
0.800781,0.630351,263.645812988281
0.800781,0.665585,324.892395019531
0.800781,0.67605,311.777160644531
0.800781,0.689104,269.478088378906
0.800781,0.700618,318.858978271484
0.800781,0.711771,282.142120361328
0.800781,0.717142,336.497406005859
0.800781,0.720265,336.497406005859
0.800781,0.749388,307.619934082031
0.800781,0.803635,322.579528808594
0.800781,0.805665,301.177093505859
0.800781,0.814556,300.879455566406
0.800781,0.826586,286.884887695312
0.800781,0.84424,277.960754394531
0.800781,0.894662,197.109573364258
0.800781,0.923621,184.380508422852
0.800781,0.941828,138.591888427734
0.800781,0.950682,125.18106842041
0.800781,0.969391,88.2869415283203
0.863046,0.000193,362.224151611328
0.863046,0.013725,284.5263671875
0.863046,0.076309,301.812408447266
0.863046,0.126815,323.821166992188
0.863046,0.145599,348.491851806641
0.863046,0.167456,333.646697998047
0.863046,0.185265,388.856323242188
0.863046,0.18712,388.856323242188
0.863046,0.20015,364.038269042969
0.863046,0.235189,324.327728271484
0.863046,0.255809,326.137084960938
0.863046,0.316591,342.454559326172
0.863046,0.317533,342.454559326172
0.863046,0.332724,293.585815429688
0.863046,0.337257,308.242248535156
0.863046,0.353643,327.295959472656
0.863046,0.387567,339.003326416016
0.863046,0.412097,294.0009765625
0.863046,0.417844,331.340057373047
0.863046,0.423086,331.340057373047
0.863046,0.437049,301.826263427734
0.863046,0.439798,301.826263427734
0.863046,0.451394,305.385894775391
0.863046,0.461776,311.066314697266
0.863046,0.466948,310.456817626953
0.863046,0.468436,310.456817626953
0.863046,0.474607,309.590057373047
0.863046,0.484214,277.61083984375
0.863046,0.520499,315.256561279297
0.863046,0.543952,329.684844970703
0.863046,0.553698,316.006011962891
0.863046,0.630351,330.229309082031
0.863046,0.665585,313.460998535156
0.863046,0.67605,338.233917236328
0.863046,0.689104,252.564590454102
0.863046,0.700618,262.530487060547
0.863046,0.711771,268.188415527344
0.863046,0.717142,322.853942871094
0.863046,0.720265,322.853942871094
0.863046,0.749388,242.992950439453
0.863046,0.803635,263.798858642578
0.863046,0.805665,235.323532104492
0.863046,0.814556,235.323532104492
0.863046,0.826586,244.087982177734
0.863046,0.84424,246.361846923828
0.863046,0.894662,227.374252319336
0.863046,0.923621,188.019104003906
0.863046,0.941828,144.573013305664
0.863046,0.950682,142.115600585938
0.863046,0.969391,83.056022644043
0.873365,0.000193,359.618438720703
0.873365,0.013725,333.032104492188
0.873365,0.076309,291.392211914062
0.873365,0.126815,285.23876953125
0.873365,0.145599,372.145050048828
0.873365,0.167456,322.982360839844
0.873365,0.185265,313.804443359375
0.873365,0.18712,313.804443359375
0.873365,0.20015,328.378234863281
0.873365,0.235189,335.522308349609
0.873365,0.255809,328.562469482422
0.873365,0.316591,318.254302978516
0.873365,0.317533,318.254302978516
0.873365,0.332724,329.543426513672
0.873365,0.337257,332.567321777344
0.873365,0.353643,302.430908203125
0.873365,0.387567,317.182281494141
0.873365,0.412097,325.45068359375
0.873365,0.417844,320.068054199219
0.873365,0.423086,320.068054199219
0.873365,0.437049,326.0712890625
0.873365,0.439798,326.0712890625
0.873365,0.451394,314.849243164062
0.873365,0.461776,334.780242919922
0.873365,0.466948,346.838745117188
0.873365,0.468436,346.838745117188
0.873365,0.474607,346.838745117188
0.873365,0.484214,310.247100830078
0.873365,0.520499,307.724426269531
0.873365,0.543952,304.858673095703
0.873365,0.553698,289.764129638672
0.873365,0.630351,319.274261474609
0.873365,0.665585,312.759857177734
0.873365,0.67605,291.736694335938
0.873365,0.689104,292.013641357422
0.873365,0.700618,291.611602783203
0.873365,0.711771,297.181945800781
0.873365,0.717142,309.223266601562
0.873365,0.720265,309.223266601562
0.873365,0.749388,303.070343017578
0.873365,0.803635,302.763763427734
0.873365,0.805665,267.416442871094
0.873365,0.814556,267.416442871094
0.873365,0.826586,235.846878051758
0.873365,0.84424,244.182571411133
0.873365,0.894662,226.265365600586
0.873365,0.923621,176.145172119141
0.873365,0.941828,127.036262512207
0.873365,0.950682,130.980392456055
0.873365,0.969391,81.1825485229492
0.883171,0.000193,331.471984863281
0.883171,0.013725,294.427917480469
0.883171,0.076309,322.519836425781
0.883171,0.126815,357.02734375
0.883171,0.145599,313.786651611328
0.883171,0.167456,349.305816650391
0.883171,0.185265,281.341796875
0.883171,0.18712,281.341796875
0.883171,0.20015,379.879364013672
0.883171,0.235189,290.163421630859
0.883171,0.255809,336.716613769531
0.883171,0.316591,312.886810302734
0.883171,0.317533,312.886810302734
0.883171,0.332724,356.646820068359
0.883171,0.337257,310.652740478516
0.883171,0.353643,375.702209472656
0.883171,0.387567,311.967926025391
0.883171,0.412097,338.717041015625
0.883171,0.417844,318.455993652344
0.883171,0.423086,318.455993652344
0.883171,0.437049,321.035766601562
0.883171,0.439798,321.035766601562
0.883171,0.451394,330.656066894531
0.883171,0.461776,314.367706298828
0.883171,0.466948,312.237915039062
0.883171,0.468436,312.237915039062
0.883171,0.474607,312.237915039062
0.883171,0.484214,346.377685546875
0.883171,0.520499,318.588195800781
0.883171,0.543952,338.712677001953
0.883171,0.553698,338.641265869141
0.883171,0.630351,291.071868896484
0.883171,0.665585,311.101379394531
0.883171,0.67605,288.953216552734
0.883171,0.689104,275.768035888672
0.883171,0.700618,295.344055175781
0.883171,0.711771,284.095672607422
0.883171,0.717142,282.321899414062
0.883171,0.720265,282.321899414062
0.883171,0.749388,259.398071289062
0.883171,0.803635,293.784820556641
0.883171,0.805665,230.930191040039
0.883171,0.814556,230.930191040039
0.883171,0.826586,259.259643554688
0.883171,0.84424,294.827850341797
0.883171,0.894662,222.045211791992
0.883171,0.923621,181.079849243164
0.883171,0.941828,146.063064575195
0.883171,0.950682,133.032440185547
0.883171,0.969391,72.0488204956055
0.905371,0.000193,307.588592529297
0.905371,0.013725,342.166625976562
0.905371,0.076309,335.488220214844
0.905371,0.126815,295.296691894531
0.905371,0.145599,369.372253417969
0.905371,0.167456,324.036651611328
0.905371,0.185265,337.114471435547
0.905371,0.18712,337.114471435547
0.905371,0.20015,310.318908691406
0.905371,0.235189,345.064788818359
0.905371,0.255809,329.002227783203
0.905371,0.316591,310.452178955078
0.905371,0.317533,310.452178955078
0.905371,0.332724,338.576904296875
0.905371,0.337257,341.831329345703
0.905371,0.353643,346.417358398438
0.905371,0.387567,297.883453369141
0.905371,0.412097,321.384643554688
0.905371,0.417844,340.032684326172
0.905371,0.423086,340.032684326172
0.905371,0.437049,298.517639160156
0.905371,0.439798,298.517639160156
0.905371,0.451394,328.307037353516
0.905371,0.461776,290.296966552734
0.905371,0.466948,297.597625732422
0.905371,0.468436,297.597625732422
0.905371,0.474607,297.597625732422
0.905371,0.484214,315.650024414062
0.905371,0.520499,321.492156982422
0.905371,0.543952,316.525177001953
0.905371,0.553698,310.717742919922
0.905371,0.630351,308.6953125
0.905371,0.665585,303.91455078125
0.905371,0.67605,325.167114257812
0.905371,0.689104,327.138824462891
0.905371,0.700618,313.058013916016
0.905371,0.711771,303.198425292969
0.905371,0.717142,334.691925048828
0.905371,0.720265,334.691925048828
0.905371,0.749388,280.465850830078
0.905371,0.803635,231.77864074707
0.905371,0.805665,283.078918457031
0.905371,0.814556,283.078918457031
0.905371,0.826586,222.082962036133
0.905371,0.84424,209.585433959961
0.905371,0.894662,202.556335449219
0.905371,0.923621,199.87141418457
0.905371,0.941828,160.061782836914
0.905371,0.950682,133.979431152344
0.905371,0.969391,76.9369049072266
0.907542,0.000193,307.588592529297
0.907542,0.013725,342.166625976562
0.907542,0.076309,335.488220214844
0.907542,0.126815,295.296691894531
0.907542,0.145599,369.372253417969
0.907542,0.167456,324.036651611328
0.907542,0.185265,337.114471435547
0.907542,0.18712,337.114471435547
0.907542,0.20015,310.318908691406
0.907542,0.235189,345.064788818359
0.907542,0.255809,329.002227783203
0.907542,0.316591,310.452178955078
0.907542,0.317533,310.452178955078
0.907542,0.332724,338.576904296875
0.907542,0.337257,341.831329345703
0.907542,0.353643,346.417358398438
0.907542,0.387567,297.883453369141
0.907542,0.412097,321.384643554688
0.907542,0.417844,340.032684326172
0.907542,0.423086,340.032684326172
0.907542,0.437049,298.517639160156
0.907542,0.439798,298.517639160156
0.907542,0.451394,328.307037353516
0.907542,0.461776,290.296966552734
0.907542,0.466948,297.597625732422
0.907542,0.468436,297.597625732422
0.907542,0.474607,297.597625732422
0.907542,0.484214,315.650024414062
0.907542,0.520499,321.492156982422
0.907542,0.543952,316.525177001953
0.907542,0.553698,310.717742919922
0.907542,0.630351,308.6953125
0.907542,0.665585,303.91455078125
0.907542,0.67605,325.167114257812
0.907542,0.689104,327.138824462891
0.907542,0.700618,313.058013916016
0.907542,0.711771,303.198425292969
0.907542,0.717142,334.691925048828
0.907542,0.720265,334.691925048828
0.907542,0.749388,280.465850830078
0.907542,0.803635,231.77864074707
0.907542,0.805665,283.078918457031
0.907542,0.814556,283.078918457031
0.907542,0.826586,222.082962036133
0.907542,0.84424,209.585433959961
0.907542,0.894662,202.556335449219
0.907542,0.923621,199.87141418457
0.907542,0.941828,160.061782836914
0.907542,0.950682,133.979431152344
0.907542,0.969391,76.9369049072266
0.956472,0.000193,316.972442626953
0.956472,0.013725,316.203155517578
0.956472,0.076309,326.531219482422
0.956472,0.126815,328.222900390625
0.956472,0.145599,297.5888671875
0.956472,0.167456,321.892211914062
0.956472,0.185265,319.370513916016
0.956472,0.18712,319.370513916016
0.956472,0.20015,323.239715576172
0.956472,0.235189,344.750183105469
0.956472,0.255809,320.340179443359
0.956472,0.316591,335.242736816406
0.956472,0.317533,335.242736816406
0.956472,0.332724,297.877136230469
0.956472,0.337257,302.389923095703
0.956472,0.353643,343.011108398438
0.956472,0.387567,303.589324951172
0.956472,0.412097,319.936401367188
0.956472,0.417844,326.739196777344
0.956472,0.423086,326.739196777344
0.956472,0.437049,291.225708007812
0.956472,0.439798,291.225708007812
0.956472,0.451394,314.266235351562
0.956472,0.461776,326.822509765625
0.956472,0.466948,354.427429199219
0.956472,0.468436,354.427429199219
0.956472,0.474607,354.427429199219
0.956472,0.484214,332.578338623047
0.956472,0.520499,349.892608642578
0.956472,0.543952,333.932769775391
0.956472,0.553698,300.797637939453
0.956472,0.630351,287.892272949219
0.956472,0.665585,279.749328613281
0.956472,0.67605,295.352386474609
0.956472,0.689104,299.632232666016
0.956472,0.700618,308.320648193359
0.956472,0.711771,308.892120361328
0.956472,0.717142,292.579895019531
0.956472,0.720265,292.579895019531
0.956472,0.749388,300.003936767578
0.956472,0.803635,283.329315185547
0.956472,0.805665,276.905914306641
0.956472,0.814556,276.905914306641
0.956472,0.826586,257.311309814453
0.956472,0.84424,240.780319213867
0.956472,0.894662,203.144622802734
0.956472,0.923621,177.325881958008
0.956472,0.941828,137.715408325195
0.956472,0.950682,123.146011352539
0.956472,0.969391,70.9057769775391
0.976846,0.000193,289.720855712891
0.976846,0.013725,359.903686523438
0.976846,0.076309,328.696441650391
0.976846,0.126815,307.879119873047
0.976846,0.145599,330.271728515625
0.976846,0.167456,327.039001464844
0.976846,0.185265,313.622039794922
0.976846,0.18712,313.622039794922
0.976846,0.20015,344.3466796875
0.976846,0.235189,326.233001708984
0.976846,0.255809,302.535034179688
0.976846,0.316591,332.794067382812
0.976846,0.317533,332.794067382812
0.976846,0.332724,346.237152099609
0.976846,0.337257,318.269348144531
0.976846,0.353643,320.286041259766
0.976846,0.387567,285.8740234375
0.976846,0.412097,302.433624267578
0.976846,0.417844,298.557006835938
0.976846,0.423086,298.557006835938
0.976846,0.437049,341.960083007812
0.976846,0.439798,341.960083007812
0.976846,0.451394,293.155395507812
0.976846,0.461776,303.362609863281
0.976846,0.466948,267.107574462891
0.976846,0.468436,267.107574462891
0.976846,0.474607,267.107574462891
0.976846,0.484214,320.628631591797
0.976846,0.520499,308.323944091797
0.976846,0.543952,319.103759765625
0.976846,0.553698,287.181030273438
0.976846,0.630351,334.642303466797
0.976846,0.665585,294.074279785156
0.976846,0.67605,305.941101074219
0.976846,0.689104,294.022552490234
0.976846,0.700618,294.170318603516
0.976846,0.711771,290.002288818359
0.976846,0.717142,323.938323974609
0.976846,0.720265,323.938323974609
0.976846,0.749388,298.279998779297
0.976846,0.803635,243.561325073242
0.976846,0.805665,240.875411987305
0.976846,0.814556,240.875411987305
0.976846,0.826586,237.264358520508
0.976846,0.84424,214.047409057617
0.976846,0.894662,197.29118347168
0.976846,0.923621,173.600311279297
0.976846,0.941828,134.297073364258
0.976846,0.950682,110.491989135742
0.976846,0.969391,68.9322052001953
0.977909,0.000193,289.720855712891
0.977909,0.013725,359.903686523438
0.977909,0.076309,328.696441650391
0.977909,0.126815,307.879119873047
0.977909,0.145599,330.271728515625
0.977909,0.167456,327.039001464844
0.977909,0.185265,313.622039794922
0.977909,0.18712,313.622039794922
0.977909,0.20015,344.3466796875
0.977909,0.235189,326.233001708984
0.977909,0.255809,302.535034179688
0.977909,0.316591,332.794067382812
0.977909,0.317533,332.794067382812
0.977909,0.332724,346.237152099609
0.977909,0.337257,318.269348144531
0.977909,0.353643,320.286041259766
0.977909,0.387567,285.8740234375
0.977909,0.412097,302.433624267578
0.977909,0.417844,298.557006835938
0.977909,0.423086,298.557006835938
0.977909,0.437049,341.960083007812
0.977909,0.439798,341.960083007812
0.977909,0.451394,293.155395507812
0.977909,0.461776,303.362609863281
0.977909,0.466948,267.107574462891
0.977909,0.468436,267.107574462891
0.977909,0.474607,267.107574462891
0.977909,0.484214,320.628631591797
0.977909,0.520499,308.323944091797
0.977909,0.543952,319.103759765625
0.977909,0.553698,287.181030273438
0.977909,0.630351,334.642303466797
0.977909,0.665585,294.074279785156
0.977909,0.67605,305.941101074219
0.977909,0.689104,294.022552490234
0.977909,0.700618,294.170318603516
0.977909,0.711771,290.002288818359
0.977909,0.717142,323.938323974609
0.977909,0.720265,323.938323974609
0.977909,0.749388,298.279998779297
0.977909,0.803635,243.561325073242
0.977909,0.805665,240.875411987305
0.977909,0.814556,240.875411987305
0.977909,0.826586,237.264358520508
0.977909,0.84424,214.047409057617
0.977909,0.894662,197.29118347168
0.977909,0.923621,173.600311279297
0.977909,0.941828,134.297073364258
0.977909,0.950682,110.491989135742
0.977909,0.969391,68.9322052001953
